"index","progressed","size","PDI","API_prop","oil_total","surfactant_total","cosolvent_total","other_total","o_num","s_num","c_num","other_num","cplx_minmax_norm","API_mol_wt","logp_chemaxon","API_melt_temp","API_water_sol","API_polar_sa","API_rot_bond","API_H_bond_donor","API_H_bond_accept","o_LC","o_sat","s_HLB","c_mol_wt","c_melt_temp","c_boil_temp","c_density","c_viscosity"
1,"0",194.7,0.231,19.05,42.86,38.1,0,0,1,2,0,0,0.125,314.47,6.33,67,0.0126,40.46,6,2,2,0,1,11.5,0,0,0,0,0
2,"0",194,0.268,18.18,45.45,36.36,0,0,1,2,0,0,0.125,314.47,6.33,67,0.0126,40.46,6,2,2,0,1,11.5,0,0,0,0,0
3,"0",171.1,0.232,17.39,47.83,34.78,0,0,1,2,0,0,0.125,314.47,6.33,67,0.0126,40.46,6,2,2,0,1,11.5,0,0,0,0,0
4,"0",182.7,0.204,18.18,40.91,40.91,0,0,1,2,0,0,0.125,314.47,6.33,67,0.0126,40.46,6,2,2,0,1,11.5,0,0,0,0,0
5,"1",201.8,0.277,17.39,43.48,39.13,0,0,1,2,0,0,0.125,314.47,6.33,67,0.0126,40.46,6,2,2,0,1,11.5,0,0,0,0,0
6,"0",192.6,0.304,16.67,45.83,37.5,0,0,1,2,0,0,0.125,314.47,6.33,67,0.0126,40.46,6,2,2,0,1,11.5,0,0,0,0,0
7,"0",255.7,0.189,17.39,39.13,43.48,0,0,1,2,0,0,0.125,314.47,6.33,67,0.0126,40.46,6,2,2,0,1,11.5,0,0,0,0,0
8,"0",179.6,0.236,16.67,41.67,41.67,0,0,1,2,0,0,0.125,314.47,6.33,67,0.0126,40.46,6,2,2,0,1,11.5,0,0,0,0,0
9,"0",159.9,0.237,16,44,40,0,0,1,2,0,0,0.125,314.47,6.33,67,0.0126,40.46,6,2,2,0,1,11.5,0,0,0,0,0
10,"1",148,0.237,13.56,48.42,30,8,0.02,1,1,1,2,0.375,314.47,6.33,67,0.0126,40.46,6,2,2,1,0,15,400,6,250,1.1,90
11,"1",194,0.258,5.42,56.56,30,8,0.02,1,1,1,2,0.375,314.47,6.33,67,0.0126,40.46,6,2,2,1,0,15,400,6,250,1.1,90
12,"1",41,0.22,10,18,45,27,0,1,1,1,0,0.125,314.47,6.33,67,0.0126,40.46,6,2,2,0,1,12.4,76.1,-59,188.2,1,56
13,"0",72,0.43,10,18,40.5,31.5,0,1,1,1,0,0.125,314.47,6.33,67,0.0126,40.46,6,2,2,0,1,12.4,76.1,-59,188.2,1,56
14,"0",192,0.26,10,18,45,27,0,1,1,1,0,0.125,314.47,6.33,67,0.0126,40.46,6,2,2,0,1,12.4,76.1,-59,188.2,1,56
15,"0",674,0.57,10,18,54,18,0,1,1,1,0,0.125,314.47,6.33,67,0.0126,40.46,6,2,2,0,1,12.4,76.1,-59,188.2,1,56
16,"1",25,0.3,10,11,59,20,0,1,4,1,0,0.5,314.47,6.33,67,0.0126,40.46,6,2,2,1,0,11.6,46.1,-114.1,78.4,0.8,1.1
17,"1",32,0.2,10,11,59,20,0,1,4,1,0,0.5,314.47,6.33,67,0.0126,40.46,6,2,2,0,1,11.6,46.1,-114.1,78.4,0.8,1.1
18,"1",21,0.2,2,11.35,54.85,29.1,2.7,1,5,3,1,1,314.47,6.33,67,0.0126,40.46,6,2,2,1,1,11.3,112.4,-34.7,147.7,1,0.3
19,"1",22,0.1,2,11.35,54.85,29.1,2.7,1,5,3,1,1,314.47,6.33,67,0.0126,40.46,6,2,2,0,1,11.3,112.4,-34.7,147.7,1,0.3
20,"1",39,0.3,10,11,59,20,0,1,4,1,0,0.5,314.47,6.33,67,0.0126,40.46,6,2,2,1,0,11.6,46.1,-114.1,78.4,0.8,1.1
21,"1",50,NA,7.5,10.8,58.5,20.7,2.5,1,4,1,1,0.625,314.47,6.33,67,0.0126,40.46,6,2,2,1,0,11.5,46.1,-114.1,78.4,0.8,1.1
22,"1",35.3,NA,3,1.6,68,27.4,0,1,1,2,0,0.25,314.47,6.33,67,0.0126,40.46,6,2,2,0,0,16,21.9,-16,97,1,1
23,"1",45,0.1,10,45,45,0,0,2,2,0,0,0.25,314.47,6.33,67,0.0126,40.46,6,2,2,0,1,15,0,0,0,0,0
24,"1",30,0.2,1.1,13.7,49.4,34.6,1.2,1,4,1,1,0.625,314.47,6.33,67,0.0126,40.46,6,2,2,0,1,10.6,118.1,-26,154,1,0
25,"1",30,0.23,3,12.5,46.5,36,2,1,4,1,1,0.625,314.47,6.33,67,0.0126,40.46,6,2,2,0,1,10.3,118.1,-26,154,1,0
26,"0",3718,0.55,3.92,37.68,28.26,28.26,1.88,1,1,1,1,0.25,406.474,3.42,114.5,0.0044,75.74,10,3,5,1,0,15,134.2,-76,202,1,4.8
27,"1",140,0.03,3.92,28.26,37.68,28.26,1.88,1,1,1,1,0.25,406.474,3.42,114.5,0.0044,75.74,10,3,5,1,0,15,134.2,-76,202,1,4.8
28,"0",84.4,0.06,3.92,18.84,47.1,28.26,1.88,1,1,1,1,0.25,406.474,3.42,114.5,0.0044,75.74,10,3,5,1,0,15,134.2,-76,202,1,4.8
29,"0",76.3,0.05,3.92,9.42,56.51,28.26,1.88,1,1,1,1,0.25,406.474,3.42,114.5,0.0044,75.74,10,3,5,1,0,15,134.2,-76,202,1,4.8
30,"1",84,0.44,5,23.75,57,14.25,0,1,1,1,0,0.125,406.474,3.42,114.5,0.0044,75.74,10,3,5,0,1,13,76.1,-59,188.2,1,56
31,"0",17.9,NA,12.5,8.75,52.5,26.25,0,1,1,1,0,0.125,406.474,3.42,114.5,0.0044,75.74,10,3,5,0,1,15,134.2,-76,202,1,4.8
32,"1",247.2,NA,10,22.5,67.5,0,0,1,2,0,0,0.125,406.474,3.42,114.5,0.0044,75.74,10,3,5,1,0,14.7,0,0,0,0,0
33,"1",382,0.4,0.625,11.04,58.89,29.44,0,1,1,1,0,0.125,406.474,3.42,114.5,0.0044,75.74,10,3,5,0,1,16,134.2,-76,202,1,4.8
34,"0",461,0.38,0.625,24.84,49.69,24.84,0,1,1,1,0,0.125,406.474,3.42,114.5,0.0044,75.74,10,3,5,0,1,16,134.2,-76,202,1,4.8
35,"0",436,0.37,0.625,22.08,51.53,25.76,0,1,1,1,0,0.125,406.474,3.42,114.5,0.0044,75.74,10,3,5,0,1,16,134.2,-76,202,1,4.8
36,"0",447,0.37,0.625,28.39,47.32,23.66,0,1,1,1,0,0.125,406.474,3.42,114.5,0.0044,75.74,10,3,5,0,1,16,134.2,-76,202,1,4.8
37,"1",40.8,NA,2.5,52.45,45.05,0,0,1,1,0,0,0,406.474,3.42,114.5,0.0044,75.74,10,3,5,0,1,13.5,0,0,0,0,0
38,"0",237.6,0.404,10,18,54,18,0,1,1,1,0,0.125,406.474,3.42,114.5,0.0044,75.74,10,3,5,1,0,15,134.2,-76,202,1,4.8
39,"1",62.2,0.251,8.1,37.84,32.44,16.22,5.4,2,1,1,2,0.5,406.474,3.42,114.5,0.0044,75.74,10,3,5,0,1,15,134.2,-76,202,1,4.8
40,"1",100,NA,8.1,40.2,34.46,17.23,0,2,1,1,0,0.25,406.474,3.42,114.5,0.0044,75.74,10,3,5,0,1,15,134.2,-76,202,1,4.8
41,"1",139.06,0.221,2,49,36.75,12.25,0,1,1,1,0,0.125,406.474,3.42,114.5,0.0044,75.74,10,3,5,0,1,7.5,134.2,-76,202,1,4.8
42,"1",12,NA,6.25,10.64,83.12,0,0,2,2,0,0,0.25,406.474,3.42,114.5,0.0044,75.74,10,3,5,0,1,15,0,0,0,0,0
43,"0",196.6,NA,6.25,47,46.76,0,0,2,2,0,0,0.25,406.474,3.42,114.5,0.0044,75.74,10,3,5,0,1,15,0,0,0,0,0
44,"0",141,NA,6.25,37.65,56.1,0,0,2,2,0,0,0.25,406.474,3.42,114.5,0.0044,75.74,10,3,5,0,1,15,0,0,0,0,0
45,"0",124,NA,6.25,31.42,62.34,0,0,2,2,0,0,0.25,406.474,3.42,114.5,0.0044,75.74,10,3,5,0,1,15,0,0,0,0,0
46,"0",61.3,NA,6.25,26.97,66.78,0,0,2,2,0,0,0.25,406.474,3.42,114.5,0.0044,75.74,10,3,5,0,1,15,0,0,0,0,0
47,"0",18.4,NA,6.25,21.03,72.72,0,0,2,2,0,0,0.25,406.474,3.42,114.5,0.0044,75.74,10,3,5,0,1,15,0,0,0,0,0
48,"0",14.9,NA,6.25,15.83,77.92,0,0,2,2,0,0,0.25,406.474,3.42,114.5,0.0044,75.74,10,3,5,0,1,15,0,0,0,0,0
49,"1",363,0.5,1,29.7,39.6,29.7,0,1,1,1,0,0.125,406.474,3.42,114.5,0.0044,75.74,10,3,5,1,0,15,46.1,-114.1,78.4,0.8,1.1
50,"0",232.5,0.496,1,29.7,39.6,29.7,0,1,1,1,0,0.125,406.474,3.42,114.5,0.0044,75.74,10,3,5,1,0,15,46.1,-114.1,78.4,0.8,1.1
51,"0",418,0.557,1,29.7,39.6,29.7,0,1,1,1,0,0.125,406.474,3.42,114.5,0.0044,75.74,10,3,5,1,0,15,46.1,-114.1,78.4,0.8,1.1
52,"0",127.4,0.259,1,29.7,39.6,29.7,0,1,1,1,0,0.125,406.474,3.42,114.5,0.0044,75.74,10,3,5,1,0,15,46.1,-114.1,78.4,0.8,1.1
53,"1",241,0.584,1,0,69.3,29.7,0,0,2,1,0,0.125,406.474,3.42,114.5,0.0044,75.74,10,3,5,0,0,10.3,46.1,-114.1,78.4,0.8,1.1
54,"0",185.7,0.337,1,29.7,39.6,29.7,0,1,1,1,0,0.125,406.474,3.42,114.5,0.0044,75.74,10,3,5,0,0,15,46.1,-114.1,78.4,0.8,1.1
55,"1",171.6,NA,6.27,56.24,28.12,9.37,0,2,1,1,0,0.25,406.474,3.42,114.5,0.0044,75.74,10,3,5,0,1,13,46.1,-114.1,78.4,0.8,1.1
56,"0",26.74,NA,11.63,22.1,57.44,8.84,0,2,1,1,0,0.25,406.474,3.42,114.5,0.0044,75.74,10,3,5,0,1,13,46.1,-114.1,78.4,0.8,1.1
57,"0",34.34,NA,11.17,29.31,39.62,19.9,0,1,1,1,0,0.125,406.474,3.42,114.5,0.0044,75.74,10,3,5,0,1,13,134.2,-76,202,1,4.8
58,"1",244,0.313,2,68.6,29.4,0,0,2,1,0,0,0.125,337.5,3.46,225.5,0.0176,46.26,0,1,2,0,1,15,0,0,0,0,0
59,"0",208,0.265,2,58.8,39.2,0,0,2,1,0,0,0.125,337.5,3.46,225.5,0.0176,46.26,0,1,2,0,1,15,0,0,0,0,0
60,"0",313,0.277,2,49,49,0,0,2,1,0,0,0.125,337.5,3.46,225.5,0.0176,46.26,0,1,2,0,1,15,0,0,0,0,0
61,"0",333,0.3,2,39.2,58.8,0,0,2,1,0,0,0.125,337.5,3.46,225.5,0.0176,46.26,0,1,2,0,1,15,0,0,0,0,0
62,"0",155,0.178,2,29.4,68.6,0,0,2,1,0,0,0.125,337.5,3.46,225.5,0.0176,46.26,0,1,2,0,1,15,0,0,0,0,0
63,"0",16,0.166,2,19.6,78.4,0,0,2,1,0,0,0.125,337.5,3.46,225.5,0.0176,46.26,0,1,2,0,1,15,0,0,0,0,0
64,"0",13,0.147,2,9.8,88.2,0,0,2,1,0,0,0.125,337.5,3.46,225.5,0.0176,46.26,0,1,2,0,1,15,0,0,0,0,0
65,"0",NA,NA,2,44.1,44.1,9.8,0,2,1,1,0,0.25,337.5,3.46,225.5,0.0176,46.26,0,1,2,0,1,15,400,6,250,1.1,90
66,"1",NA,NA,1.28,39.48,49.36,9.87,0,2,1,1,0,0.25,337.5,3.46,225.5,0.0176,46.26,0,1,2,1,0,15,46.1,-114.1,78.4,0.8,1.1
67,"1",NA,NA,1.28,49.36,39.49,9.87,0,2,1,1,0,0.25,337.5,3.46,225.5,0.0176,46.26,0,1,2,1,0,15,46.1,-114.1,78.4,0.8,1.1
68,"1",NA,NA,1.28,59.24,29.62,9.87,0,2,1,1,0,0.25,337.5,3.46,225.5,0.0176,46.26,0,1,2,1,0,15,46.1,-114.1,78.4,0.8,1.1
69,"0",NA,NA,1.28,34.56,44.42,19.74,0,2,1,1,0,0.25,337.5,3.46,225.5,0.0176,46.26,0,1,2,1,0,15,46.1,-114.1,78.4,0.8,1.1
70,"1",NA,NA,3.13,38.74,48.44,9.69,0,2,1,1,0,0.25,500.423,8.06,137,0.00011,23.47,11,1,2,1,0,15,46.1,-114.1,78.4,0.8,1.1
71,"1",NA,NA,3.13,48.44,38.75,9.69,0,2,1,1,0,0.25,500.423,8.06,137,0.00011,23.47,11,1,2,1,0,15,46.1,-114.1,78.4,0.8,1.1
72,"1",NA,NA,3.13,58.12,29.06,9.69,0,2,1,1,0,0.25,500.423,8.06,137,0.00011,23.47,11,1,2,1,0,15,46.1,-114.1,78.4,0.8,1.1
73,"0",NA,NA,3.13,33.9,43.59,19.37,0,2,1,1,0,0.25,500.423,8.06,137,0.00011,23.47,11,1,2,1,0,15,46.1,-114.1,78.4,0.8,1.1
74,"0",NA,NA,1.77,49.11,49.12,0,0,2,1,0,0,0.125,337.5,3.46,225.5,0.0176,46.26,0,1,2,1,0,12.4,0,0,0,0,0
75,"0",NA,NA,1.88,49.06,49.06,0,0,2,1,0,0,0.125,337.5,3.46,225.5,0.0176,46.26,0,1,2,1,0,15,0,0,0,0,0
76,"0",NA,NA,1.66,49.17,49.17,0,0,2,1,0,0,0.125,337.5,3.46,225.5,0.0176,46.26,0,1,2,1,0,13,0,0,0,0,0
77,"0",NA,NA,1.14,49.43,49.43,0,0,2,1,0,0,0.125,337.5,3.46,225.5,0.0176,46.26,0,1,2,1,0,15,0,0,0,0,0
78,"1",NA,NA,0.98,49.51,49.51,0,0,2,1,0,0,0.125,337.5,3.46,225.5,0.0176,46.26,0,1,2,1,0,15,0,0,0,0,0
79,"0",NA,NA,1.14,49.43,49.43,0,0,2,1,0,0,0.125,337.5,3.46,225.5,0.0176,46.26,0,1,2,1,0,15,0,0,0,0,0
80,"0",NA,NA,1.7,49.16,49.15,0,0,2,1,0,0,0.125,337.5,3.46,225.5,0.0176,46.26,0,1,2,1,0,13,0,0,0,0,0
81,"0",NA,NA,8,46,46,0,0,2,1,0,0,0.125,360.83,5.28,80.5,0.00071,52.6,7,0,3,1,0,12.4,0,0,0,0,0
82,"0",NA,NA,8.45,45.77,45.78,0,0,2,1,0,0,0.125,360.83,5.28,80.5,0.00071,52.6,7,0,3,1,0,15,0,0,0,0,0
83,"0",NA,NA,7.81,46.1,46.1,0,0,2,1,0,0,0.125,360.83,5.28,80.5,0.00071,52.6,7,0,3,1,0,13,0,0,0,0,0
84,"0",NA,NA,7.7,46.16,46.15,0,0,2,1,0,0,0.125,360.83,5.28,80.5,0.00071,52.6,7,0,3,1,0,15,0,0,0,0,0
85,"0",NA,NA,8.06,45.97,45.97,0,0,2,1,0,0,0.125,360.83,5.28,80.5,0.00071,52.6,7,0,3,1,0,15,0,0,0,0,0
86,"1",NA,NA,8.51,45.74,45.74,0,0,2,1,0,0,0.125,360.83,5.28,80.5,0.00071,52.6,7,0,3,1,0,15,0,0,0,0,0
87,"0",NA,NA,8.14,45.93,45.93,0,0,2,1,0,0,0.125,360.83,5.28,80.5,0.00071,52.6,7,0,3,1,0,13,0,0,0,0,0
88,"1",NA,NA,8.16,51.61,27.55,12.67,0,2,1,1,0,0.25,360.83,5.28,80.5,0.00071,52.6,7,0,3,1,0,15,46.1,-114.1,78.4,0.8,1.1
89,"1",NA,NA,16.32,47.02,25.1,11.55,0,2,1,1,0,0.25,360.83,5.28,80.5,0.00071,52.6,7,0,3,1,0,15,46.1,-114.1,78.4,0.8,1.1
90,"0",NA,NA,8.5,45.75,45.75,0,0,1,1,0,0,0,360.83,5.28,80.5,0.00071,52.6,7,0,3,0,1,11,0,0,0,0,0
91,"1",NA,NA,7.99,46,46,0,0,2,1,0,0,0.125,360.83,5.28,80.5,0.00071,52.6,7,0,3,0,1,11,0,0,0,0,0
92,"0",NA,NA,7.13,46.44,46.44,0,0,2,1,0,0,0.125,360.83,5.28,80.5,0.00071,52.6,7,0,3,0,1,11,0,0,0,0,0
93,"1",NA,NA,8.06,45.97,45.97,0,0,2,1,0,0,0.125,360.83,5.28,80.5,0.00071,52.6,7,0,3,0,1,15,0,0,0,0,0
94,"0",NA,NA,8,46,46,0,0,2,1,0,0,0.125,360.83,5.28,80.5,0.00071,52.6,7,0,3,0,1,15,0,0,0,0,0
95,"0",NA,NA,6.34,37.46,46.83,9.37,0,2,1,1,0,0.25,360.83,5.28,80.5,0.00071,52.6,7,0,3,0,1,15,76.1,-59,188.2,1,56
96,"0",NA,NA,6.75,46.62,46.62,0,0,1,1,0,0,0,360.83,5.28,80.5,0.00071,52.6,7,0,3,0,1,15,0,0,0,0,0
97,"0",NA,NA,6.59,28.02,65.39,0,0,1,1,0,0,0,360.83,5.28,80.5,0.00071,52.6,7,0,3,0,1,15,0,0,0,0,0
98,"0",NA,NA,6.7,18.66,74.64,0,0,1,1,0,0,0,360.83,5.28,80.5,0.00071,52.6,7,0,3,0,1,15,0,0,0,0,0
99,"0",NA,NA,4.12,23.97,47.94,23.97,0,1,1,1,0,0.125,360.83,5.28,80.5,0.00071,52.6,7,0,3,0,1,15,76.1,-59,188.2,1,56
100,"0",NA,0.5,0.67,99.32,0,0,0,2,0,0,0,0,337.5,3.46,225.5,0.0176,46.26,0,1,2,0,1,0,0,0,0,0,0
101,"0",190.2,0.068,1.98,63.72,34.31,0,0,2,1,0,0,0.125,337.5,3.46,225.5,0.0176,46.26,0,1,2,0,1,11,0,0,0,0,0
102,"0",36.2,0.088,2.15,63.6,34.25,0,0,2,1,0,0,0.125,337.5,3.46,225.5,0.0176,46.26,0,1,2,0,1,13,0,0,0,0,0
103,"0",12,0.138,2.18,24.46,48.91,24.46,0,1,1,1,0,0.125,337.5,3.46,225.5,0.0176,46.26,0,1,2,0,1,13,134.2,-76,202,1,4.8
104,"0",NA,0.5,1.52,98.48,0,0,0,2,0,0,0,0,337.5,3.46,225.5,0.0176,46.26,0,1,2,1,0,0,0,0,0,0,0
105,"0",NA,0.5,2.26,63.52,34.21,0,0,2,1,0,0,0.125,337.5,3.46,225.5,0.0176,46.26,0,1,2,1,0,11,0,0,0,0,0
106,"1",58.4,0.149,3.9,62.46,33.64,0,0,2,1,0,0,0.125,337.5,3.46,225.5,0.0176,46.26,0,1,2,1,0,13,0,0,0,0,0
107,"0",9.9,0.111,5.24,0,47.38,47.38,0,0,1,1,0,0,337.5,3.46,225.5,0.0176,46.26,0,1,2,0,0,13,134.2,-76,202,1,4.8
108,"1",72.3,0.18,8,36.8,55.2,0,0,1,2,0,0,0.125,360.83,5.28,80.5,0.00071,52.6,7,0,3,0,1,12.3,0,0,0,0,0
109,"1",51.7,0.12,8,36.8,55.2,0,0,1,2,0,0,0.125,360.83,5.28,80.5,0.00071,52.6,7,0,3,1,0,12.3,0,0,0,0,0
110,"1",159.4,0.27,8,0,92,0,0,0,2,0,0,0,360.83,5.28,80.5,0.00071,52.6,7,0,3,0,0,12.3,0,0,0,0,0
111,"1",NA,NA,3.5,67.55,28.95,0,0,1,1,0,0,0,360.83,5.28,80.5,0.00071,52.6,7,0,3,1,0,5.5,0,0,0,0,0
112,"1",NA,NA,3.5,38.6,57.9,0,0,2,1,0,0,0.125,360.83,5.28,80.5,0.00071,52.6,7,0,3,1,0,13,0,0,0,0,0
113,"1",NA,NA,3.5,38.6,57.9,0,0,2,2,0,0,0.25,360.83,5.28,80.5,0.00071,52.6,7,0,3,1,0,9.2,0,0,0,0,0
114,"0",NA,NA,7.85,92.16,0,0,0,2,0,0,0,0,360.83,5.28,80.5,0.00071,52.6,7,0,3,1,0,0,0,0,0,0,0
115,"0",NA,NA,7.99,59.8,32.2,0,0,2,1,0,0,0.125,360.83,5.28,80.5,0.00071,52.6,7,0,3,1,0,11,0,0,0,0,0
116,"1",NA,NA,8.54,59.44,32.01,0,0,2,1,0,0,0.125,360.83,5.28,80.5,0.00071,52.6,7,0,3,1,0,13,0,0,0,0,0
117,"0",NA,NA,11.97,88.04,0,0,0,2,0,0,0,0,360.83,5.28,80.5,0.00071,52.6,7,0,3,0,1,0,0,0,0,0,0
118,"1",NA,NA,10.85,57.94,31.2,0,0,2,1,0,0,0.125,360.83,5.28,80.5,0.00071,52.6,7,0,3,0,1,11,0,0,0,0,0
119,"1",NA,NA,11.45,57.56,30.99,0,0,2,1,0,0,0.125,360.83,5.28,80.5,0.00071,52.6,7,0,3,0,1,13,0,0,0,0,0
120,"1",NA,NA,12.17,21.96,43.92,21.96,0,2,1,1,0,0.25,360.83,5.28,80.5,0.00071,52.6,7,0,3,0,1,13,134.2,-76,202,1,4.8
121,"1",NA,NA,15.13,0,42.44,42.44,0,0,1,1,0,0,360.83,5.28,80.5,0.00071,52.6,7,0,3,0,0,13,134.2,-76,202,1,4.8
122,"0",NA,NA,0.7,99.3,0,0,0,2,0,0,0,0,261.707,5.49,207,0.0158,49.33,3,2,3,1,0,0,0,0,0,0,0
123,"0",NA,NA,1.65,63.92,34.42,0,0,2,1,0,0,0.125,261.707,5.49,207,0.0158,49.33,3,2,3,1,0,11,0,0,0,0,0
124,"1",NA,NA,2.08,63.64,34.27,0,0,2,1,0,0,0.125,261.707,5.49,207,0.0158,49.33,3,2,3,1,0,13,0,0,0,0,0
125,"0",NA,NA,1.38,98.62,0,0,0,2,0,0,0,0,261.707,5.49,207,0.0158,49.33,3,2,3,0,1,0,0,0,0,0,0
126,"1",NA,NA,2.07,63.66,34.27,0,0,2,1,0,0,0.125,261.707,5.49,207,0.0158,49.33,3,2,3,0,1,11,0,0,0,0,0
127,"1",NA,NA,2.61,63.3,34.09,0,0,2,1,0,0,0.125,261.707,5.49,207,0.0158,49.33,3,2,3,0,1,13,0,0,0,0,0
128,"1",NA,NA,4.38,23.9,47.81,23.9,0,2,1,1,0,0.25,261.707,5.49,207,0.0158,49.33,3,2,3,0,1,13,134.2,-76,202,1,4.8
129,"1",NA,NA,6.16,0,46.92,46.92,0,0,1,1,0,0,261.707,5.49,207,0.0158,49.33,3,2,3,0,0,13,134.2,-76,202,1,4.8
130,"1",NA,NA,2,58.8,39.2,0,0,2,1,0,0,0.125,337.5,3.46,225.5,0.0176,46.26,0,1,2,1,0,13,0,0,0,0,0
131,"1",NA,NA,2,54.88,29.4,9.8,3.92,2,1,1,1,0.375,337.5,3.46,225.5,0.0176,46.26,0,1,2,1,0,15,46.1,-114.1,78.4,0.8,1.1
132,"1",NA,NA,2,54.88,29.4,9.8,3.92,2,1,1,1,0.375,337.5,3.46,225.5,0.0176,46.26,0,1,2,1,0,15,46.1,-114.1,78.4,0.8,1.1
133,"1",200,NA,2.9,67.1,30,0,0,1,1,0,0,0,1202.61,3.64,149.5,0.027,279,15,5,12,0,1,11.5,0,0,0,0,0
134,"0",203,NA,10.42,41.67,47.91,0,0,1,3,0,0,0.25,720.948,5.22,121,0.0013,145.78,18,4,6,0,1,12.6,0,0,0,0,0
135,"0",189,NA,10.42,33.33,56.25,0,0,1,3,0,0,0.25,720.948,5.22,121,0.0013,145.78,18,4,6,0,1,12.8,0,0,0,0,0
136,"0",82,NA,10.42,25,64.59,0,0,1,3,0,0,0.25,720.948,5.22,121,0.0013,145.78,18,4,6,0,1,13,0,0,0,0,0
137,"1",22,NA,10.42,16.67,72.91,0,0,1,3,0,0,0.25,720.948,5.22,121,0.0013,145.78,18,4,6,0,1,13.2,0,0,0,0,0
138,"0",54,NA,10.42,8.33,81.25,0,0,1,3,0,0,0.25,720.948,5.22,121,0.0013,145.78,18,4,6,0,1,13.2,0,0,0,0,0
139,"0",79,NA,10.42,4.17,85.41,0,0,1,3,0,0,0.25,720.948,5.22,121,0.0013,145.78,18,4,6,0,1,13.2,0,0,0,0,0
140,"1",NA,NA,0.84,54.54,34.71,9.92,0,2,1,1,0,0.25,720.948,5.22,121,0.0013,145.78,18,4,6,1,0,15,46.1,-114.1,78.4,0.8,1.1
141,"0",33.77,NA,14.85,45.38,12.77,26.99,0,1,1,1,0,0.125,628.814,4.69,125.5,0.0019,120,15,4,5,0,1,15,76.1,-59,188.2,1,56
142,"0",42.73,NA,15.29,59.3,18.38,7.03,0,1,1,1,0,0.125,628.814,4.69,125.5,0.0019,120,15,4,5,0,1,15,76.1,-59,188.2,1,56
143,"0",48.61,NA,15.36,60.69,7.03,16.93,0,1,1,1,0,0.125,628.814,4.69,125.5,0.0019,120,15,4,5,0,1,15,76.1,-59,188.2,1,56
144,"0",64.12,NA,8.17,73.47,4.59,13.77,0,1,1,1,0,0.125,628.814,4.69,125.5,0.0019,120,15,4,5,0,1,15,76.1,-59,188.2,1,56
145,"0",26.17,NA,11.25,22.19,31.06,35.5,0,1,1,1,0,0.125,628.814,4.69,125.5,0.0019,120,15,4,5,0,1,15,76.1,-59,188.2,1,56
146,"0",35.65,NA,10.75,49.09,4.46,35.7,0,1,1,1,0,0.125,628.814,4.69,125.5,0.0019,120,15,4,5,0,1,15,76.1,-59,188.2,1,56
147,"1",32.9,NA,16.15,44.02,20.96,18.87,0,1,1,1,0,0.125,628.814,4.69,125.5,0.0019,120,15,4,5,0,1,15,76.1,-59,188.2,1,56
148,"0",21.6,NA,8.5,22.88,36.6,32.03,0,1,1,1,0,0.125,628.814,4.69,125.5,0.0019,120,15,4,5,0,1,15,76.1,-59,188.2,1,56
149,"0",37.12,NA,13.85,56,25.85,4.31,0,1,1,1,0,0.125,628.814,4.69,125.5,0.0019,120,15,4,5,0,1,15,76.1,-59,188.2,1,56
150,"0",24.52,NA,11.25,22.19,39.94,26.63,0,1,1,1,0,0.125,628.814,4.69,125.5,0.0019,120,15,4,5,0,1,15,76.1,-59,188.2,1,56
151,"0",29.19,NA,14.5,34.2,17.1,34.2,0,1,1,1,0,0.125,628.814,4.69,125.5,0.0019,120,15,4,5,0,1,15,76.1,-59,188.2,1,56
152,"0",28.95,NA,13,28.97,36.28,21.75,0,1,1,1,0,0.125,628.814,4.69,125.5,0.0019,120,15,4,5,0,1,15,76.1,-59,188.2,1,56
153,"0",52.25,NA,14,68.8,8.6,8.6,0,1,1,1,0,0.125,628.814,4.69,125.5,0.0019,120,15,4,5,0,1,15,76.1,-59,188.2,1,56
154,"0",30.64,NA,14,44.46,30.1,11.44,0,1,1,1,0,0.125,628.814,4.69,125.5,0.0019,120,15,4,5,0,1,15,76.1,-59,188.2,1,56
155,"0",59.8,NA,15.05,67.96,12.74,4.25,0,1,1,1,0,0.125,628.814,4.69,125.5,0.0019,120,15,4,5,0,1,15,76.1,-59,188.2,1,56
156,"0",29.03,NA,12.52,30.62,24.76,32.11,0,1,1,1,0,0.125,628.814,4.69,125.5,0.0019,120,15,4,5,0,1,15,76.1,-59,188.2,1,56
157,"0",29.17,NA,12.64,32.76,39.31,15.29,0,1,1,1,0,0.125,628.814,4.69,125.5,0.0019,120,15,4,5,0,1,15,76.1,-59,188.2,1,56
158,"0",29.86,NA,11.32,44.34,39.91,4.43,0,1,1,1,0,0.125,628.814,4.69,125.5,0.0019,120,15,4,5,0,1,15,76.1,-59,188.2,1,56
159,"0",38.31,NA,13,58.73,4.35,23.93,0,1,1,1,0,0.125,628.814,4.69,125.5,0.0019,120,15,4,5,0,1,15,76.1,-59,188.2,1,56
160,"1",53.16,NA,2,30.26,42.39,25.35,0,1,1,1,0,0.125,628.814,4.69,125.5,0.0019,120,15,4,5,1,0,15,134.2,-76,202,1,4.8
161,"0",NA,NA,5.1,23.72,47.45,23.73,0,2,1,1,0,0.25,261.707,5.49,207,0.0158,49.33,3,2,3,0,1,13,46.1,-114.1,78.4,0.8,1.1
162,"0",187.9,0.358,8,9.2,9.2,73.6,0,1,1,1,0,0.125,346.335,1.82,173,0.0177,107.77,6,1,5,0,1,15,134.2,-76,202,1,4.8
163,"1",132.9,0.183,8,9.2,9.2,73.6,0,1,1,1,0,0.125,346.335,1.82,173,0.0177,107.77,6,1,5,0,1,13,134.2,-76,202,1,4.8
164,"1",74,NA,3,48.5,48.5,0,0,1,2,0,0,0.125,346.335,1.82,173,0.0177,107.77,6,1,5,0,1,10,0,0,0,0,0
165,"0",133.5,0.94,0.75,15.12,30.33,53.05,0.75,1,1,1,1,0.25,494.004,3.79,169,0.0021,113.6,7,3,5,0,1,16,134.2,-76,202,1,4.8
166,"0",81,NA,0.5,24.88,49.75,24.88,0,1,1,1,0,0.125,494.004,3.79,169,0.0021,113.6,7,3,5,0,1,15,76.1,-27,214,1.1,44.9
167,"1",46,NA,0.5,29.85,54.73,14.93,0,1,1,1,0,0.125,494.004,3.79,169,0.0021,113.6,7,3,5,0,1,15,76.1,-27,214,1.1,44.9
168,"0",57,NA,0.5,34.83,54.73,9.95,0,1,1,1,0,0.125,494.004,3.79,169,0.0021,113.6,7,3,5,0,1,15,76.1,-27,214,1.1,44.9
169,"0",36,NA,0.5,24.88,59.7,14.93,0,1,1,1,0,0.125,494.004,3.79,169,0.0021,113.6,7,3,5,0,1,15,76.1,-27,214,1.1,44.9
170,"0",38,NA,0.5,29.85,59.7,9.95,0,1,1,1,0,0.125,494.004,3.79,169,0.0021,113.6,7,3,5,0,1,15,76.1,-27,214,1.1,44.9
171,"0",43,NA,0.5,19.9,69.65,9.95,0,1,1,1,0,0.125,494.004,3.79,169,0.0021,113.6,7,3,5,0,1,15,76.1,-27,214,1.1,44.9
172,"1",12,0.14,0.8,4.96,24.8,69.44,0,1,1,2,0,0.25,494.004,3.79,169,0.0021,113.6,7,3,5,0,1,16,143.1,-6.7,261.2,1.1,35.9
173,"1",12,0.12,0.8,4.96,24.8,69.44,0,1,1,2,0,0.25,494.004,3.79,169,0.0021,113.6,7,3,5,0,1,16,100.5,-54,172.4,1,3.7
174,"1",387,0.29,0.63,5.96,46.71,46.71,0,1,1,1,0,0.125,494.004,3.79,169,0.0021,113.6,7,3,5,0,1,16,134.2,-76,202,1,4.8
175,"0",236,NA,1.67,49.67,48.66,0,0,2,2,0,0,0.25,494.004,3.79,169,0.0021,113.6,7,3,5,0,1,15.5,0,0,0,0,0
176,"0",217.5,NA,1.67,39.93,58.4,0,0,2,2,0,0,0.25,494.004,3.79,169,0.0021,113.6,7,3,5,0,1,15.5,0,0,0,0,0
177,"0",147,NA,1.67,33.45,64.88,0,0,2,2,0,0,0.25,494.004,3.79,169,0.0021,113.6,7,3,5,0,1,15.5,0,0,0,0,0
178,"0",70.45,NA,1.67,25.33,73,0,0,2,2,0,0,0.25,494.004,3.79,169,0.0021,113.6,7,3,5,0,1,15.5,0,0,0,0,0
179,"1",17.85,NA,1.67,20.47,77.86,0,0,2,2,0,0,0.25,494.004,3.79,169,0.0021,113.6,7,3,5,0,1,15.5,0,0,0,0,0
180,"1",14.25,NA,1.67,17.22,81.1,0,0,2,2,0,0,0.25,494.004,3.79,169,0.0021,113.6,7,3,5,0,1,15.5,0,0,0,0,0
181,"1",17.8,0.127,5,9.5,57,28.5,0,1,1,1,0,0.125,435.519,5.27,116.5,0.0234,112.07,10,2,6,0,1,15,400,6,250,1.1,90
182,"1",12.3,0.138,5,9.5,42.75,42.75,0,1,1,1,0,0.125,435.519,5.27,116.5,0.0234,112.07,10,2,6,0,1,15,400,6,250,1.1,90
183,"1",97.1,0.202,5,9.5,28.5,57,0,1,1,1,0,0.125,435.519,5.27,116.5,0.0234,112.07,10,2,6,0,1,15,400,6,250,1.1,90
184,"0",111.9,0.341,5,9.5,57,28.5,0,1,1,1,0,0.125,435.519,5.27,116.5,0.0234,112.07,10,2,6,0,1,13,400,6,250,1.1,90
185,"0",135.4,0.442,5,9.5,42.75,42.75,0,1,1,1,0,0.125,435.519,5.27,116.5,0.0234,112.07,10,2,6,0,1,13,400,6,250,1.1,90
186,"0",157.5,0.386,5,9.5,28.5,57,0,1,1,1,0,0.125,435.519,5.27,116.5,0.0234,112.07,10,2,6,0,1,13,400,6,250,1.1,90
187,"0",4964,0.7,16,19.99,12.8,51.21,0,2,1,1,0,0.25,435.519,5.27,116.5,0.0234,112.07,10,2,6,0,1,16,60.1,-89,82.5,0.8,2.4
188,"1",105.2,0.2,16,26.23,19.25,38.51,0,2,1,1,0,0.25,435.519,5.27,116.5,0.0234,112.07,10,2,6,0,1,16,134.2,-76,202,1,4.8
189,"0",135.4,0.4,16,22.26,15.43,46.3,0,2,1,1,0,0.25,435.519,5.27,116.5,0.0234,112.07,10,2,6,0,1,16,134.2,-76,202,1,4.8
190,"0",353.7,0.7,16,26.5,19.16,38.33,0,2,1,1,0,0.25,435.519,5.27,116.5,0.0234,112.07,10,2,6,0,1,16,60.1,-89,82.5,0.8,2.4
191,"0",348.4,0.431,2,32,66,0,0,1,2,0,0,0.125,435.519,5.27,116.5,0.0234,112.07,10,2,6,0,1,9.5,0,0,0,0,0
192,"0",221.2,0.524,2,32,66,0,0,1,2,0,0,0.125,435.519,5.27,116.5,0.0234,112.07,10,2,6,0,1,11,0,0,0,0,0
193,"0",298.3,0.441,2,52,46,0,0,1,2,0,0,0.125,435.519,5.27,116.5,0.0234,112.07,10,2,6,0,1,10.3,0,0,0,0,0
194,"1",133.7,0.321,2,16,82,0,0,1,2,0,0,0.125,435.519,5.27,116.5,0.0234,112.07,10,2,6,0,1,10.3,0,0,0,0,0
195,"0",256.3,0.547,2,40,58,0,0,1,2,0,0,0.125,435.519,5.27,116.5,0.0234,112.07,10,2,6,0,1,10.4,0,0,0,0,0
196,"0",29.01,NA,8,28.52,51.03,12.45,0,1,1,1,0,0.125,435.519,5.27,116.5,0.0234,112.07,10,2,6,1,0,15,134.2,-76,202,1,4.8
197,"0",26.35,NA,10,27.9,49.92,12.18,0,1,1,1,0,0.125,435.519,5.27,116.5,0.0234,112.07,10,2,6,1,0,15,134.2,-76,202,1,4.8
198,"0",25.89,NA,12,27.28,48.81,11.91,0,1,1,1,0,0.125,435.519,5.27,116.5,0.0234,112.07,10,2,6,1,0,15,134.2,-76,202,1,4.8
199,"1",27.68,0.15,14,26.66,47.7,11.64,0,1,1,1,0,0.125,435.519,5.27,116.5,0.0234,112.07,10,2,6,1,0,15,134.2,-76,202,1,4.8
200,"0",32.81,NA,16,26.04,46.6,11.36,0,1,1,1,0,0.125,435.519,5.27,116.5,0.0234,112.07,10,2,6,1,0,15,134.2,-76,202,1,4.8
201,"1",33.34,0.159,8,0,64.4,27.6,0,0,2,1,0,0.125,435.519,5.27,116.5,0.0234,112.07,10,2,6,0,0,14.6,134.2,-76,202,1,4.8
202,"1",150.8,0.27,18.52,7.41,33.33,33.33,7.41,1,1,1,1,0.25,435.519,5.27,116.5,0.0234,112.07,10,2,6,0,1,16,134.2,-76,202,1,4.8
203,"1",110.2,0.31,18.52,7.41,33.33,33.33,7.41,1,1,1,1,0.25,435.519,5.27,116.5,0.0234,112.07,10,2,6,0,1,15,134.2,-76,202,1,4.8
204,"1",101.5,0.36,18.52,7.41,33.33,33.33,7.41,1,1,1,1,0.25,435.519,5.27,116.5,0.0234,112.07,10,2,6,0,1,13,134.2,-76,202,1,4.8
205,"0",202.4,0.38,18.52,7.41,33.33,33.33,7.41,1,1,1,1,0.25,435.519,5.27,116.5,0.0234,112.07,10,2,6,0,1,14,134.2,-76,202,1,4.8
206,"1",121.2,0.21,42.11,5.26,47.37,0,5.26,1,2,0,1,0.25,435.519,5.27,116.5,0.0234,112.07,10,2,6,0,1,14.3,0,0,0,0,0
207,"0",82,NA,8.47,21.19,70.34,0,0,1,2,0,0,0.125,435.519,5.27,116.5,0.0234,112.07,10,2,6,0,1,15,0,0,0,0,0
208,"0",87,NA,7.87,26.57,65.55,0,0,1,2,0,0,0.125,435.519,5.27,116.5,0.0234,112.07,10,2,6,0,1,15,0,0,0,0,0
209,"0",78,NA,8.15,20.37,71.49,0,0,1,2,0,0,0.125,435.519,5.27,116.5,0.0234,112.07,10,2,6,0,1,15,0,0,0,0,0
210,"0",79,NA,7.6,25.67,66.73,0,0,1,2,0,0,0.125,435.519,5.27,116.5,0.0234,112.07,10,2,6,0,1,15,0,0,0,0,0
211,"0",76,NA,8.46,21.14,70.4,0,0,1,2,0,0,0.125,435.519,5.27,116.5,0.0234,112.07,10,2,6,0,1,15,0,0,0,0,0
212,"0",89,NA,7.87,26.57,65.55,0,0,1,2,0,0,0.125,435.519,5.27,116.5,0.0234,112.07,10,2,6,0,1,15,0,0,0,0,0
213,"0",93,NA,8.46,21.14,70.4,0,0,1,2,0,0,0.125,435.519,5.27,116.5,0.0234,112.07,10,2,6,0,1,15,0,0,0,0,0
214,"0",84,NA,7.6,25.67,66.73,0,0,1,2,0,0,0.125,435.519,5.27,116.5,0.0234,112.07,10,2,6,0,1,15,0,0,0,0,0
215,"0",85,NA,8.31,24.4,67.28,0,0,1,2,0,0,0.125,435.519,5.27,116.5,0.0234,112.07,10,2,6,0,1,15,0,0,0,0,0
216,"0",87,NA,8.01,23.52,68.47,0,0,1,2,0,0,0.125,435.519,5.27,116.5,0.0234,112.07,10,2,6,0,1,14.9,0,0,0,0,0
217,"0",85,NA,8.01,23.52,68.47,0,0,1,2,0,0,0.125,435.519,5.27,116.5,0.0234,112.07,10,2,6,0,1,15.1,0,0,0,0,0
218,"0",78,NA,7.73,22.71,69.56,0,0,1,2,0,0,0.125,435.519,5.27,116.5,0.0234,112.07,10,2,6,0,1,15,0,0,0,0,0
219,"1",75.6,NA,8.01,23.52,68.46,0,0,1,2,0,0,0.125,435.519,5.27,116.5,0.0234,112.07,10,2,6,0,1,15,0,0,0,0,0
220,"0",18.3,0.23,4,9.6,9.6,76.8,0,1,1,1,0,0.125,435.519,5.27,116.5,0.0234,112.07,10,2,6,0,1,15,134.2,-76,202,1,4.8
221,"0",13.07,0.13,4,9.6,76.8,9.6,0,1,1,1,0,0.125,435.519,5.27,116.5,0.0234,112.07,10,2,6,0,1,15,134.2,-76,202,1,4.8
222,"0",13.9,0.12,4,9.6,38.4,48,0,1,1,1,0,0.125,435.519,5.27,116.5,0.0234,112.07,10,2,6,0,1,15,134.2,-76,202,1,4.8
223,"0",17.09,0.18,4,28.8,38.4,28.8,0,1,1,1,0,0.125,435.519,5.27,116.5,0.0234,112.07,10,2,6,0,1,15,134.2,-76,202,1,4.8
224,"1",13.95,0.11,4,9.6,19.2,67.2,0,1,1,1,0,0.125,435.519,5.27,116.5,0.0234,112.07,10,2,6,1,0,15,134.2,-76,202,1,4.8
225,"0",13.13,0.18,4,9.6,76.8,9.6,0,1,1,1,0,0.125,435.519,5.27,116.5,0.0234,112.07,10,2,6,1,0,15,134.2,-76,202,1,4.8
226,"0",14.72,0.13,4,9.6,38.4,48,0,1,1,1,0,0.125,435.519,5.27,116.5,0.0234,112.07,10,2,6,1,0,15,134.2,-76,202,1,4.8
227,"0",22.13,0.12,4,28.8,38.4,28.8,0,1,1,1,0,0.125,435.519,5.27,116.5,0.0234,112.07,10,2,6,1,0,15,134.2,-76,202,1,4.8
228,"0",15.1,0.16,4,9.6,28.8,57.6,0,1,1,1,0,0.125,435.519,5.27,116.5,0.0234,112.07,10,2,6,0,1,15,134.2,-76,202,1,4.8
229,"0",11.99,0.09,4,9.6,76.8,9.6,0,1,1,1,0,0.125,435.519,5.27,116.5,0.0234,112.07,10,2,6,0,1,15,134.2,-76,202,1,4.8
230,"0",18.75,0.21,4,9.6,38.4,48,0,1,1,1,0,0.125,435.519,5.27,116.5,0.0234,112.07,10,2,6,0,1,15,134.2,-76,202,1,4.8
231,"0",21.81,0.24,4,28.8,38.4,28.8,0,1,1,1,0,0.125,435.519,5.27,116.5,0.0234,112.07,10,2,6,0,1,15,134.2,-76,202,1,4.8
232,"0",121.6,0.14,4,9.6,19.2,67.2,0,1,1,1,0,0.125,435.519,5.27,116.5,0.0234,112.07,10,2,6,0,1,15,134.2,-76,202,1,4.8
233,"0",16.86,0.16,4,9.6,76.8,9.6,0,1,1,1,0,0.125,435.519,5.27,116.5,0.0234,112.07,10,2,6,0,1,15,134.2,-76,202,1,4.8
234,"0",118.1,0.15,4,9.6,38.4,48,0,1,1,1,0,0.125,435.519,5.27,116.5,0.0234,112.07,10,2,6,0,1,15,134.2,-76,202,1,4.8
235,"0",134.7,0.2,4,28.8,38.4,28.8,0,1,1,1,0,0.125,435.519,5.27,116.5,0.0234,112.07,10,2,6,0,1,15,134.2,-76,202,1,4.8
236,"1",191.9,0.235,44.44,0,50,0,5.56,0,2,0,1,0.125,435.519,5.27,116.5,0.0234,112.07,10,2,6,0,0,14.4,0,0,0,0,0
237,"1",212,0.198,17.9,16.43,65.68,0,0,2,1,0,0,0.125,206.29,3.84,76,0.0684,37.3,4,1,2,1,0,14,0,0,0,0,0
238,"1",115.8,0.103,10,27,63,0,0,1,2,0,0,0.125,206.29,3.84,76,0.0684,37.3,4,1,2,0,1,13.4,0,0,0,0,0
239,"1",20,NA,5,46.5,48.5,0,0,2,2,0,0,0.25,206.29,3.84,76,0.0684,37.3,4,1,2,0,1,12.2,0,0,0,0,0
240,"1",58,0.25,10,45,32,13,0,1,2,1,0,0.25,206.29,3.84,76,0.0684,37.3,4,1,2,0,0,13,146.1,32.5,243,0.9,0
241,"0",96,0.25,10,45,38,7,0,1,2,1,0,0.25,206.29,3.84,76,0.0684,37.3,4,1,2,0,0,11.5,146.1,32.5,243,0.9,0
242,"0",143,0.25,10,45,25,20,0,1,2,1,0,0.25,206.29,3.84,76,0.0684,37.3,4,1,2,0,0,10.9,146.1,32.5,243,0.9,0
243,"1",NA,NA,20,0,40,40,0,0,1,1,0,0,206.29,3.84,76,0.0684,37.3,4,1,2,0,0,14,200,-50,200,1.1,0
244,"0",94.7,0.949,6.9,17.24,51.72,17.24,6.9,1,1,1,1,0.25,206.29,3.84,76,0.0684,37.3,4,1,2,0,1,13,46.1,-114.1,78.4,0.8,1.1
245,"1",121.9,0.306,6.9,17.24,34.48,34.48,6.9,1,1,1,1,0.25,206.29,3.84,76,0.0684,37.3,4,1,2,0,1,13,46.1,-114.1,78.4,0.8,1.1
246,"0",NA,NA,6,61.1,32.9,0,0,1,2,0,0,0.125,206.29,3.84,76,0.0684,37.3,4,1,2,1,0,9.7,0,0,0,0,0
247,"0",31.99,0.114,5,19,76,0,0,1,2,0,0,0.125,360.83,5.28,80.5,0.00071,52.6,7,0,3,0,1,13.5,0,0,0,0,0
248,"0",38.9,0.132,10,18,72,0,0,1,2,0,0,0.125,360.83,5.28,80.5,0.00071,52.6,7,0,3,0,1,13.5,0,0,0,0,0
249,"0",47.56,0.158,15,17,68,0,0,1,2,0,0,0.125,360.83,5.28,80.5,0.00071,52.6,7,0,3,0,1,13.5,0,0,0,0,0
250,"0",44.16,0.134,5,23.75,71.26,0,0,1,2,0,0,0.125,360.83,5.28,80.5,0.00071,52.6,7,0,3,0,1,13.5,0,0,0,0,0
251,"0",49.1,0.159,10,22.5,67.5,0,0,1,2,0,0,0.125,360.83,5.28,80.5,0.00071,52.6,7,0,3,0,1,13.5,0,0,0,0,0
252,"0",62,0.17,15,21.25,63.76,0,0,1,2,0,0,0.125,360.83,5.28,80.5,0.00071,52.6,7,0,3,0,1,13.5,0,0,0,0,0
253,"0",73,0.228,5,28.5,66.5,0,0,1,2,0,0,0.125,360.83,5.28,80.5,0.00071,52.6,7,0,3,0,1,13.5,0,0,0,0,0
254,"0",85.06,0.214,10,27,63,0,0,1,2,0,0,0.125,360.83,5.28,80.5,0.00071,52.6,7,0,3,0,1,13.5,0,0,0,0,0
255,"0",76.53,0.16,15,25.5,59.5,0,0,1,2,0,0,0.125,360.83,5.28,80.5,0.00071,52.6,7,0,3,0,1,13.5,0,0,0,0,0
256,"0",117.66,0.201,5,38,57,0,0,1,2,0,0,0.125,360.83,5.28,80.5,0.00071,52.6,7,0,3,0,1,13.5,0,0,0,0,0
257,"1",120.33,0.189,10,36,54,0,0,1,2,0,0,0.125,360.83,5.28,80.5,0.00071,52.6,7,0,3,0,1,13.5,0,0,0,0,0
258,"0",117.66,0.137,15,34,51,0,0,1,2,0,0,0.125,360.83,5.28,80.5,0.00071,52.6,7,0,3,0,1,13.5,0,0,0,0,0
259,"1",152.3,0.341,10,18,45,0,27,1,2,0,1,0.25,360.83,5.28,80.5,0.00071,52.6,7,0,3,0,1,13.4,0,0,0,0,0
260,"0",177,0.362,15,17,42.5,0,25.5,1,2,0,1,0.25,360.83,5.28,80.5,0.00071,52.6,7,0,3,0,1,13.4,0,0,0,0,0
261,"1",208,0.357,10,22.5,67.5,0,0,1,2,0,0,0.125,360.83,5.28,80.5,0.00071,52.6,7,0,3,0,1,13.3,0,0,0,0,0
262,"1",200,0.378,15,21.25,63.75,0,0,1,2,0,0,0.125,360.83,5.28,80.5,0.00071,52.6,7,0,3,0,1,13.3,0,0,0,0,0
263,"0",545,0.252,5,45.13,45.13,4.75,0,1,1,1,0,0.125,360.83,5.28,80.5,0.00071,52.6,7,0,3,1,0,15,300,6,220,1.1,90
264,"0",596.85,0.284,5,15.04,75.21,4.75,0,1,1,1,0,0.125,360.83,5.28,80.5,0.00071,52.6,7,0,3,1,0,15,300,6,220,1.1,90
265,"0",311,0.0965,5,45.13,45.12,4.75,0,1,2,1,0,0.25,360.83,5.28,80.5,0.00071,52.6,7,0,3,1,0,7.8,300,6,220,1.1,90
266,"0",564,0.5665,5,15.04,75.21,4.75,0,1,2,1,0,0.25,360.83,5.28,80.5,0.00071,52.6,7,0,3,1,0,7.8,300,6,220,1.1,90
267,"0",194.15,0.115,5,47.5,47.5,0,0,1,2,0,0,0.125,360.83,5.28,80.5,0.00071,52.6,7,0,3,1,0,10.2,0,0,0,0,0
268,"0",135.95,0.075,5,15.84,79.17,0,0,1,2,0,0,0.125,360.83,5.28,80.5,0.00071,52.6,7,0,3,1,0,10.1,0,0,0,0,0
269,"0",180.3,0.045,5,42.75,42.75,9.5,0,1,2,1,0,0.25,360.83,5.28,80.5,0.00071,52.6,7,0,3,1,0,10.2,300,6,220,1.1,90
270,"0",191.25,0.145,5,14.25,71.25,9.5,0,1,2,1,0,0.25,360.83,5.28,80.5,0.00071,52.6,7,0,3,1,0,10.1,300,6,220,1.1,90
271,"0",196.75,0.1,5,23.75,71.25,0,0,1,1,0,0,0,360.83,5.28,80.5,0.00071,52.6,7,0,3,1,0,15,0,0,0,0,0
272,"0",336.2,0.595,5,23.75,71.25,0,0,1,2,0,0,0.125,360.83,5.28,80.5,0.00071,52.6,7,0,3,1,0,7.8,0,0,0,0,0
273,"0",480,0.22,5,21.38,64.13,9.5,0,1,1,1,0,0.125,360.83,5.28,80.5,0.00071,52.6,7,0,3,1,0,15,300,6,220,1.1,90
274,"0",175.35,0.05,5,21.38,64.13,9.5,0,1,2,1,0,0.25,360.83,5.28,80.5,0.00071,52.6,7,0,3,1,0,7.8,300,6,220,1.1,90
275,"0",161.31,0.11,5,22.56,67.68,4.75,0,1,2,1,0,0.25,360.83,5.28,80.5,0.00071,52.6,7,0,3,1,0,10.1,300,6,220,1.1,90
276,"1",137,NA,5,25.65,61.75,7.6,0,1,2,1,0,0.25,360.83,5.28,80.5,0.00071,52.6,7,0,3,1,0,10.1,300,6,220,1.1,90
277,"1",NA,NA,6.64,51.34,32.68,9.34,0,2,1,1,0,0.25,360.83,5.28,80.5,0.00071,52.6,7,0,3,1,0,15,46.1,-114.1,78.4,0.8,1.1
278,"1",NA,NA,13.28,47.7,30.35,8.67,0,2,1,1,0,0.25,360.83,5.28,80.5,0.00071,52.6,7,0,3,1,0,15,46.1,-114.1,78.4,0.8,1.1
279,"1",NA,NA,6.64,50.8,32.33,9.24,1,2,1,1,1,0.375,360.83,5.28,80.5,0.00071,52.6,7,0,3,1,0,15,46.1,-114.1,78.4,0.8,1.1
280,"1",NA,NA,13.28,47.14,30,8.57,1,2,1,1,1,0.375,360.83,5.28,80.5,0.00071,52.6,7,0,3,1,0,15,46.1,-114.1,78.4,0.8,1.1
281,"0",164.1,0.341,3.57,28.58,67.86,0,0,2,1,0,0,0.125,360.83,5.28,80.5,0.00071,52.6,7,0,3,1,0,14,0,0,0,0,0
282,"0",175.2,0.406,3.85,23.07,73.08,0,0,2,1,0,0,0.125,360.83,5.28,80.5,0.00071,52.6,7,0,3,1,0,14,0,0,0,0,0
283,"0",192.3,0.374,3.7,37.03,59.26,0,0,2,1,0,0,0.125,360.83,5.28,80.5,0.00071,52.6,7,0,3,1,0,14,0,0,0,0,0
284,"0",168.4,0.318,5,30,65,0,0,2,1,0,0,0.125,360.83,5.28,80.5,0.00071,52.6,7,0,3,1,0,14,0,0,0,0,0
285,"0",173.5,0.148,4.35,26.09,69.57,0,0,2,1,0,0,0.125,360.83,5.28,80.5,0.00071,52.6,7,0,3,0,1,14,0,0,0,0,0
286,"0",181.6,0.373,4,32,64,0,0,2,1,0,0,0.125,360.83,5.28,80.5,0.00071,52.6,7,0,3,1,0,14,0,0,0,0,0
287,"0",169.9,0.313,3.45,31.03,65.52,0,0,2,1,0,0,0.125,360.83,5.28,80.5,0.00071,52.6,7,0,3,1,0,14,0,0,0,0,0
288,"0",169.9,0.302,4.17,29.17,66.67,0,0,2,1,0,0,0.125,360.83,5.28,80.5,0.00071,52.6,7,0,3,1,0,14,0,0,0,0,0
289,"0",178.7,0.079,4,20,76,0,0,2,1,0,0,0.125,360.83,5.28,80.5,0.00071,52.6,7,0,3,0,1,14,0,0,0,0,0
290,"0",176,0.15,4.76,19.04,76.19,0,0,2,1,0,0,0.125,360.83,5.28,80.5,0.00071,52.6,7,0,3,1,0,14,0,0,0,0,0
291,"0",199.2,0.367,4.55,36.36,59.09,0,0,2,1,0,0,0.125,360.83,5.28,80.5,0.00071,52.6,7,0,3,1,0,14,0,0,0,0,0
292,"0",230.5,0.384,4.35,39.13,56.52,0,0,2,1,0,0,0.125,360.83,5.28,80.5,0.00071,52.6,7,0,3,1,0,14,0,0,0,0,0
293,"0",174,0.215,5.26,26.32,68.42,0,0,2,1,0,0,0.125,360.83,5.28,80.5,0.00071,52.6,7,0,3,0,1,14,0,0,0,0,0
294,"1",171.4,0.296,4.44,26.62,68.94,0,0,2,1,0,0,0.125,360.83,5.28,80.5,0.00071,52.6,7,0,3,0,1,14,0,0,0,0,0
295,"1",247.2,0.253,10,22.5,67.5,0,0,2,1,0,0,0.125,360.83,5.28,80.5,0.00071,52.6,7,0,3,1,0,14,0,0,0,0,0
296,"1",43.2,0.133,3,58.2,29.1,9.7,0,2,1,1,0,0.25,360.83,5.28,80.5,0.00071,52.6,7,0,3,1,0,13,134.2,-76,202,1,4.8
297,"1",41.8,0.116,3,58.2,29.1,9.7,0,2,1,1,0,0.25,360.83,5.28,80.5,0.00071,52.6,7,0,3,1,0,13,134.2,-76,202,1,4.8
298,"1",60.9,0.194,3,58.2,29.1,9.7,0,2,1,1,0,0.25,360.83,5.28,80.5,0.00071,52.6,7,0,3,1,0,15,134.2,-76,202,1,4.8
299,"1",54.2,0.143,3,58.2,29.1,9.7,0,2,1,1,0,0.25,360.83,5.28,80.5,0.00071,52.6,7,0,3,1,0,15,134.2,-76,202,1,4.8
300,"1",158,NA,2,49,0,0,49,1,0,0,1,0,360.83,5.28,80.5,0.00071,52.6,7,0,3,0,1,0,0,0,0,0,0
301,"0",490,NA,2,49,0,0,49,1,0,0,1,0,360.83,5.28,80.5,0.00071,52.6,7,0,3,0,1,0,0,0,0,0,0
302,"0",505,NA,2,49,0,0,49,1,0,0,1,0,360.83,5.28,80.5,0.00071,52.6,7,0,3,1,0,0,0,0,0,0,0
303,"0",623,NA,2,49,0,0,49,1,0,0,1,0,360.83,5.28,80.5,0.00071,52.6,7,0,3,1,0,0,0,0,0,0,0
304,"1",96,NA,2,58.8,0,0,39.2,1,0,0,1,0,360.83,5.28,80.5,0.00071,52.6,7,0,3,0,1,0,0,0,0,0,0
305,"1",145,NA,2,53.9,0,0,44.1,1,0,0,1,0,360.83,5.28,80.5,0.00071,52.6,7,0,3,0,1,0,0,0,0,0,0
306,"1",160,NA,2.4,39.04,0,0,58.56,1,0,0,1,0,360.83,5.28,80.5,0.00071,52.6,7,0,3,0,1,0,0,0,0,0,0
307,"1",173,NA,2.8,29.16,0,0,68.04,1,0,0,1,0,360.83,5.28,80.5,0.00071,52.6,7,0,3,0,1,0,0,0,0,0,0
308,"1",124.36,0.1,15,25.5,25.5,34,0,1,1,1,0,0.125,360.83,5.28,80.5,0.00071,52.6,7,0,3,1,0,15,134.2,-76,202,1,4.8
309,"0",NA,NA,10,22.5,63,4.5,0,1,2,1,0,0.25,360.83,5.28,80.5,0.00071,52.6,7,0,3,0,1,13.6,18,0,100,1,1
310,"0",NA,NA,10,22.5,63,4.5,0,1,2,1,0,0.25,360.83,5.28,80.5,0.00071,52.6,7,0,3,0,1,14,18,0,100,1,1
311,"0",NA,NA,10,22.5,63,4.5,0,1,2,1,0,0.25,360.83,5.28,80.5,0.00071,52.6,7,0,3,0,1,14.5,18,0,100,1,1
312,"0",NA,NA,10,22.5,63,4.5,0,1,2,1,0,0.25,360.83,5.28,80.5,0.00071,52.6,7,0,3,0,1,15,18,0,100,1,1
313,"1",NA,NA,10,22.5,63,4.5,0,1,2,1,0,0.25,360.83,5.28,80.5,0.00071,52.6,7,0,3,0,1,15.4,18,0,100,1,1
314,"0",NA,NA,10,22.5,63,4.5,0,1,2,1,0,0.25,360.83,5.28,80.5,0.00071,52.6,7,0,3,0,1,13.4,18,0,100,1,1
315,"0",NA,NA,10,22.5,63,4.5,0,1,2,1,0,0.25,360.83,5.28,80.5,0.00071,52.6,7,0,3,0,1,13.7,18,0,100,1,1
316,"0",NA,NA,10,22.5,63,4.5,0,1,2,1,0,0.25,360.83,5.28,80.5,0.00071,52.6,7,0,3,0,1,14,18,0,100,1,1
317,"0",NA,NA,10,22.5,63,4.5,0,1,2,1,0,0.25,360.83,5.28,80.5,0.00071,52.6,7,0,3,0,1,14.3,18,0,100,1,1
318,"1",NA,NA,10,22.5,63,4.5,0,1,2,1,0,0.25,360.83,5.28,80.5,0.00071,52.6,7,0,3,0,1,14.6,18,0,100,1,1
319,"0",156,NA,8.5,28.5,47.25,15.75,0,1,1,1,0,0.125,360.83,5.28,80.5,0.00071,52.6,7,0,3,0,1,15,400,6,250,1.1,90
320,"0",167,NA,8.5,29.5,46.5,15.5,0,1,1,1,0,0.125,360.83,5.28,80.5,0.00071,52.6,7,0,3,0,1,15,400,6,250,1.1,90
321,"0",175,NA,8.5,30.5,45.75,15.25,0,1,1,1,0,0.125,360.83,5.28,80.5,0.00071,52.6,7,0,3,0,1,15,400,6,250,1.1,90
322,"0",180,NA,8.5,31.5,45,15,0,1,1,1,0,0.125,360.83,5.28,80.5,0.00071,52.6,7,0,3,0,1,15,400,6,250,1.1,90
323,"0",201,NA,8.5,32.5,44.25,14.75,0,1,1,1,0,0.125,360.83,5.28,80.5,0.00071,52.6,7,0,3,0,1,15,400,6,250,1.1,90
324,"0",179,NA,8.5,31.5,45.71,14.29,0,1,1,1,0,0.125,360.83,5.28,80.5,0.00071,52.6,7,0,3,0,1,15,400,6,250,1.1,90
325,"0",171,NA,8.5,31.5,46.67,13.33,0,1,1,1,0,0.125,360.83,5.28,80.5,0.00071,52.6,7,0,3,0,1,15,400,6,250,1.1,90
326,"1",161,NA,8.5,31.5,47.3,12.7,0,1,1,1,0,0.125,360.83,5.28,80.5,0.00071,52.6,7,0,3,0,1,15,400,6,250,1.1,90
327,"1",NA,NA,14,17.2,68.8,0,0,1,3,0,0,0.25,360.83,5.28,80.5,0.00071,52.6,7,0,3,0,1,14.9,0,0,0,0,0
328,"0",NA,NA,6.97,0,93.03,0,0,0,3,0,0,0.125,360.83,5.28,80.5,0.00071,52.6,7,0,3,0,0,12,0,0,0,0,0
329,"1",NA,NA,6.97,46.51,46.52,0,0,1,2,0,0,0.125,360.83,5.28,80.5,0.00071,52.6,7,0,3,1,0,10,0,0,0,0,0
330,"0",NA,NA,6.97,0,93.03,0,0,0,3,0,0,0.125,368.514,5.88,118.5,0.75,6.48,6,0,2,0,0,12,0,0,0,0,0
331,"1",NA,NA,6.97,46.51,46.52,0,0,1,2,0,0,0.125,368.514,5.88,118.5,0.75,6.48,6,0,2,1,0,10,0,0,0,0,0
332,"1",30,NA,4.17,29.17,50,16.67,0,2,1,1,0,0.25,360.83,5.28,80.5,0.00071,52.6,7,0,3,1,0,13,400,6,250,1.1,90
333,"1",200,NA,9.6,63.4,18,9,0,1,2,1,0,0.25,360.83,5.28,80.5,0.00071,52.6,7,0,3,1,0,10.8,46.1,-114.1,78.4,0.8,1.1
334,"1",30,NA,2.99,38.81,43.66,14.55,0,1,1,1,0,0.125,360.83,5.28,80.5,0.00071,52.6,7,0,3,1,0,13,134.2,-76,202,1,4.8
335,"1",18.6,0.06,5.21,18.96,75.83,0,0,1,3,0,0,0.25,360.83,5.28,80.5,0.00071,52.6,7,0,3,0,1,15.1,0,0,0,0,0
336,"1",40,0.041,20,28,37,15,0,1,1,1,0,0.125,360.83,5.28,80.5,0.00071,52.6,7,0,3,0,1,13,87.1,-20,165,0.9,0.9
337,"1",NA,NA,7,0,69.8,0,23.2,0,2,0,1,0.125,360.83,5.28,80.5,0.00071,52.6,7,0,3,0,0,14.7,0,0,0,0,0
338,"1",51,NA,11.44,57.57,26.57,4.43,0,2,1,1,0,0.25,360.83,5.28,80.5,0.00071,52.6,7,0,3,1,0,15,46.1,-114.1,78.4,0.8,1.1
339,"1",31.4,NA,12,22,44,22,0,1,1,1,0,0.125,360.83,5.28,80.5,0.00071,52.6,7,0,3,0,1,15,400,6,250,1.1,90
340,"1",36.9,NA,12,22,44,22,0,1,1,1,0,0.125,360.83,5.28,80.5,0.00071,52.6,7,0,3,0,1,14,400,6,250,1.1,90
341,"1",24.9,NA,12,22,44,22,0,1,1,1,0,0.125,360.83,5.28,80.5,0.00071,52.6,7,0,3,1,0,15,400,6,250,1.1,90
342,"1",30.6,NA,12,22,44,22,0,1,1,1,0,0.125,360.83,5.28,80.5,0.00071,52.6,7,0,3,1,0,14,400,6,250,1.1,90
343,"0",53.4,0.16,9,54.6,27.3,9.1,0,2,1,1,0,0.25,360.83,5.28,80.5,0.00071,52.6,7,0,3,1,0,15,134.2,-76,202,1,4.8
344,"0",51.6,0.15,9,54.6,27.3,9.1,0,2,1,1,0,0.25,360.83,5.28,80.5,0.00071,52.6,7,0,3,1,0,15,134.2,-76,202,1,4.8
345,"1",51.3,0.21,9,54.6,27.3,9.1,0,2,1,1,0,0.25,360.83,5.28,80.5,0.00071,52.6,7,0,3,1,0,13,134.2,-76,202,1,4.8
346,"0",50.8,0.21,9,54.6,27.3,9.1,0,2,1,1,0,0.25,360.83,5.28,80.5,0.00071,52.6,7,0,3,1,0,13,134.2,-76,202,1,4.8
347,"1",45,0.15,8,46,36.8,9.2,0,1,1,1,0,0.125,360.83,5.28,80.5,0.00071,52.6,7,0,3,0,1,15,134.2,-76,202,1,4.8
348,"1",315.3,0.43,11.39,50.64,37.97,0,0,2,1,0,0,0.125,360.83,5.28,80.5,0.00071,52.6,7,0,3,1,0,14,0,0,0,0,0
349,"1",NA,0.5,8.26,36.7,55.04,0,0,2,2,0,0,0.25,360.83,5.28,80.5,0.00071,52.6,7,0,3,1,0,9.8,0,0,0,0,0
350,"1",43,0.08,11.39,50.64,37.97,0,0,2,1,0,0,0.125,360.83,5.28,80.5,0.00071,52.6,7,0,3,1,0,13,0,0,0,0,0
351,"1",176,0.24,8.26,36.7,55.04,0,0,2,2,0,0,0.25,360.83,5.28,80.5,0.00071,52.6,7,0,3,1,0,9.2,0,0,0,0,0
352,"1",138.6,0.219,8,46,46,0,0,2,1,0,0,0.125,360.83,5.28,80.5,0.00071,52.6,7,0,3,0,1,15,0,0,0,0,0
353,"1",35.9,0.069,8,55.2,36.8,0,0,2,1,0,0,0.125,360.83,5.28,80.5,0.00071,52.6,7,0,3,0,1,15,0,0,0,0,0
354,"0",NA,NA,28.62,42.82,21.41,7.14,0,2,1,1,0,0.25,360.83,5.28,80.5,0.00071,52.6,7,0,3,0,1,13,46.1,-114.1,78.4,0.8,1.1
355,"1",15.13,0.1,1.16,0,49.42,49.42,0,0,1,1,0,0,360.83,5.28,80.5,0.00071,52.6,7,0,3,0,0,15,46.1,-114.1,78.4,0.8,1.1
356,"0",9.87,0.1,8.48,0,45.76,45.76,0,0,1,1,0,0,360.83,5.28,80.5,0.00071,52.6,7,0,3,0,0,15,46.1,-114.1,78.4,0.8,1.1
357,"0",NA,NA,9.91,62.36,27.74,0,0,2,1,0,0,0.125,250.33,4.39,59.5,0.0278,46.53,6,1,3,0,1,13,0,0,0,0,0
358,"0",NA,NA,16.52,57.78,25.7,0,0,2,1,0,0,0.125,250.33,4.39,59.5,0.0278,46.53,6,1,3,0,1,13,0,0,0,0,0
359,"0",NA,NA,18.03,56.74,25.24,0,0,2,1,0,0,0.125,250.33,4.39,59.5,0.0278,46.53,6,1,3,0,1,13,0,0,0,0,0
360,"0",NA,NA,19.48,55.72,24.79,0,0,2,1,0,0,0.125,250.33,4.39,59.5,0.0278,46.53,6,1,3,0,1,13,0,0,0,0,0
361,"0",73.4,NA,25,53.57,21.43,0,0,2,1,0,0,0.125,250.33,4.39,59.5,0.0278,46.53,6,1,3,0,1,13,0,0,0,0,0
362,"0",59.9,NA,20.59,44.12,35.29,0,0,2,1,0,0,0.125,250.33,4.39,59.5,0.0278,46.53,6,1,3,0,1,13,0,0,0,0,0
363,"0",81.8,NA,20.59,61.77,17.65,0,0,2,1,0,0,0.125,250.33,4.39,59.5,0.0278,46.53,6,1,3,0,1,13,0,0,0,0,0
364,"0",48.4,NA,17.5,52.5,30,0,0,2,1,0,0,0.125,250.33,4.39,59.5,0.0278,46.53,6,1,3,0,1,13,0,0,0,0,0
365,"0",96.6,NA,20.69,58.62,20.69,0,0,2,1,0,0,0.125,250.33,4.39,59.5,0.0278,46.53,6,1,3,0,1,13,0,0,0,0,0
366,"0",57.8,NA,17.14,48.57,34.29,0,0,2,1,0,0,0.125,250.33,4.39,59.5,0.0278,46.53,6,1,3,0,1,13,0,0,0,0,0
367,"0",58.6,NA,24.24,57.57,18.18,0,0,2,1,0,0,0.125,250.33,4.39,59.5,0.0278,46.53,6,1,3,0,1,13,0,0,0,0,0
368,"1",53.2,NA,20.51,48.72,30.77,0,0,2,1,0,0,0.125,250.33,4.39,59.5,0.0278,46.53,6,1,3,0,1,13,0,0,0,0,0
369,"0",99.4,NA,20.69,48.28,31.03,0,0,2,1,0,0,0.125,250.33,4.39,59.5,0.0278,46.53,6,1,3,0,1,13,0,0,0,0,0
370,"0",72.2,NA,17.14,57.14,25.71,0,0,2,1,0,0,0.125,250.33,4.39,59.5,0.0278,46.53,6,1,3,0,1,13,0,0,0,0,0
371,"0",76.5,NA,24.24,48.48,27.27,0,0,2,1,0,0,0.125,250.33,4.39,59.5,0.0278,46.53,6,1,3,0,1,13,0,0,0,0,0
372,"0",90.2,NA,20.51,56.41,23.08,0,0,2,1,0,0,0.125,250.33,4.39,59.5,0.0278,46.53,6,1,3,0,1,13,0,0,0,0,0
373,"0",84.3,NA,20.59,52.94,26.47,0,0,2,1,0,0,0.125,250.33,4.39,59.5,0.0278,46.53,6,1,3,0,1,13,0,0,0,0,0
374,"1",56.5,0.26,16.22,51.35,32.43,0,0,2,1,0,0,0.125,250.33,4.39,59.5,0.0278,46.53,6,1,3,0,1,13,0,0,0,0,0
375,"1",NA,NA,9.4,27.58,42.02,21.01,0,2,2,1,0,0.375,1202.61,3.64,149.5,0.027,279,15,5,12,0,1,15.5,218.2,3,258,1.2,23
376,"0",NA,NA,9.09,54.54,13.64,22.73,0,2,1,1,0,0.25,1202.61,3.64,149.5,0.027,279,15,5,12,0,1,15,134.2,-76,202,1,4.8
377,"0",NA,NA,9.09,54.54,18.18,18.18,0,2,1,1,0,0.25,1202.61,3.64,149.5,0.027,279,15,5,12,0,1,15,134.2,-76,202,1,4.8
378,"0",297.25,NA,9.09,54.54,27.27,9.09,0,2,1,1,0,0.25,1202.61,3.64,149.5,0.027,279,15,5,12,0,1,15,134.2,-76,202,1,4.8
379,"0",287.47,NA,9.09,63.64,21.82,5.45,0,2,1,1,0,0.25,1202.61,3.64,149.5,0.027,279,15,5,12,0,1,15,134.2,-76,202,1,4.8
380,"0",305.26,NA,9.09,54.54,29.09,7.27,0,2,1,1,0,0.25,1202.61,3.64,149.5,0.027,279,15,5,12,0,1,15,134.2,-76,202,1,4.8
381,"0",NA,NA,9.09,68.18,22.73,0,0,3,1,0,0,0.25,1202.61,3.64,149.5,0.027,279,15,5,12,0,1,15,0,0,0,0,0
382,"0",NA,NA,9.09,65.45,25.45,0,0,3,1,0,0,0.25,1202.61,3.64,149.5,0.027,279,15,5,12,0,1,15,0,0,0,0,0
383,"1",35.57,NA,9.09,61.81,29.09,0,0,3,1,0,0,0.25,1202.61,3.64,149.5,0.027,279,15,5,12,0,1,15,0,0,0,0,0
384,"0",NA,NA,9.09,54.54,27.27,9.09,0,2,1,1,0,0.25,1202.61,3.64,149.5,0.027,279,15,5,12,0,1,15,400,6,250,1.1,90
385,"0",NA,NA,9.09,45.46,27.27,18.18,0,2,1,1,0,0.25,1202.61,3.64,149.5,0.027,279,15,5,12,0,1,15,400,6,250,1.1,90
386,"1",165.68,0.235,9.09,36.36,36.36,18.18,0,2,1,1,0,0.25,1202.61,3.64,149.5,0.027,279,15,5,12,0,1,15,400,6,250,1.1,90
387,"1",29.9,0.053,10,34,41,15,0,1,1,2,0,0.25,1202.61,3.64,149.5,0.027,279,15,5,12,1,0,15,56,-95.9,114.6,0.9,19.2
388,"1",NA,NA,26.27,11.22,22.49,40.02,0,1,1,1,0,0.125,1202.61,3.64,149.5,0.027,279,15,5,12,0,1,13,134.2,-76,202,1,4.8
389,"0",10,NA,2,24.5,73.5,0,0,1,1,0,0,0,337.5,3.46,225.5,0.0176,46.26,0,1,2,0,1,15,0,0,0,0,0
390,"0",15,NA,5,23.75,71.25,0,0,1,1,0,0,0,360.83,5.28,80.5,0.00071,52.6,7,0,3,0,1,15,0,0,0,0,0
391,"0",160,NA,3,0,97,0,0,0,2,0,0,0,346.335,1.82,173,0.0177,107.77,6,1,5,0,0,13,0,0,0,0,0
392,"1",10,NA,3,24.25,72.75,0,0,1,1,0,0,0,346.335,1.82,173,0.0177,107.77,6,1,5,0,1,15,0,0,0,0,0
393,"0",10,NA,3,16.17,80.83,0,0,1,1,0,0,0,346.335,1.82,173,0.0177,107.77,6,1,5,0,1,15,0,0,0,0,0
394,"1",10,NA,3,12.13,84.88,0,0,1,1,0,0,0,346.335,1.82,173,0.0177,107.77,6,1,5,1,0,15,0,0,0,0,0
395,"1",NA,NA,6.26,33.54,60.2,0,0,2,1,0,0,0.125,1202.61,3.64,149.5,0.027,279,15,5,12,0,1,12,0,0,0,0,0
396,"1",NA,NA,10,30,40,20,0,2,1,2,0,0.375,1202.61,3.64,149.5,0.027,279,15,5,12,1,0,15,61.1,-86.6,133.3,0.9,28.6
397,"1",20,NA,8.01,18.45,49.03,24.51,0,1,1,1,0,0.125,1202.61,3.64,149.5,0.027,279,15,5,12,1,0,13,134.2,-76,202,1,4.8
398,"1",54.6,NA,1,3.3,53.3,42.4,0,2,1,2,0,0.375,1202.61,3.64,149.5,0.027,279,15,5,12,1,0,16,22.2,-17.1,96.8,1,1
399,"1",52.7,NA,1,3.3,53.3,42.4,0,1,1,2,0,0.25,1202.61,3.64,149.5,0.027,279,15,5,12,0,0,16,22.2,-17.1,96.8,1,1
400,"0",311,0.217,2,67,28,3,0,1,1,1,0,0.125,1202.61,3.64,149.5,0.027,279,15,5,12,1,0,15,76.1,-59,188.2,1,56
401,"1",151,0.134,2,57,38,3,0,1,1,1,0,0.125,1202.61,3.64,149.5,0.027,279,15,5,12,1,0,15,76.1,-59,188.2,1,56
402,"0",430,0.279,2,65,28,5,0,1,1,1,0,0.125,1202.61,3.64,149.5,0.027,279,15,5,12,1,0,15,76.1,-59,188.2,1,56
403,"0",325,0.151,2,55,38,5,0,1,1,1,0,0.125,1202.61,3.64,149.5,0.027,279,15,5,12,1,0,15,76.1,-59,188.2,1,56
404,"0",338,0.13,2,67,28,3,0,1,1,1,0,0.125,1202.61,3.64,149.5,0.027,279,15,5,12,1,0,13,76.1,-59,188.2,1,56
405,"1",232,0.306,2,57,38,3,0,1,1,1,0,0.125,1202.61,3.64,149.5,0.027,279,15,5,12,1,0,13,76.1,-59,188.2,1,56
406,"0",664,0.499,2,65,28,5,0,1,1,1,0,0.125,1202.61,3.64,149.5,0.027,279,15,5,12,1,0,13,76.1,-59,188.2,1,56
407,"0",583,0.331,2,55,38,5,0,1,1,1,0,0.125,1202.61,3.64,149.5,0.027,279,15,5,12,1,0,13,76.1,-59,188.2,1,56
408,"0",567,0.22,2,67,28,3,0,1,1,1,0,0.125,1202.61,3.64,149.5,0.027,279,15,5,12,1,0,11,76.1,-59,188.2,1,56
409,"0",414,0.266,2,57,38,3,0,1,1,1,0,0.125,1202.61,3.64,149.5,0.027,279,15,5,12,1,0,11,76.1,-59,188.2,1,56
410,"0",525,0.37,2,65,28,5,0,1,1,1,0,0.125,1202.61,3.64,149.5,0.027,279,15,5,12,1,0,11,76.1,-59,188.2,1,56
411,"1",226,0.163,2,55,38,5,0,1,1,1,0,0.125,1202.61,3.64,149.5,0.027,279,15,5,12,1,0,11,76.1,-59,188.2,1,56
412,"0",560,0.256,2,75.5,16,6.5,0,1,1,2,0,0.25,1202.61,3.64,149.5,0.027,279,15,5,12,0,0,16.9,69.2,-71.7,162.9,1,43.4
413,"1",235,0.193,2,66.5,25,6.5,0,1,1,2,0,0.25,1202.61,3.64,149.5,0.027,279,15,5,12,0,0,16.9,69.2,-71.7,162.9,1,43.4
414,"0",1503,0.482,2,78.5,10,9.5,0,1,1,2,0,0.25,1202.61,3.64,149.5,0.027,279,15,5,12,0,0,16.9,71.3,-67.8,170.6,1,47.2
415,"0",867,0.357,2,63.5,25,9.5,0,1,1,2,0,0.25,1202.61,3.64,149.5,0.027,279,15,5,12,0,0,16.9,71.3,-67.8,170.6,1,47.2
416,"0",NA,NA,2,70.5,16,11.5,0,1,1,2,0,0.25,1202.61,3.64,149.5,0.027,279,15,5,12,0,0,16.9,72.2,-66.2,173.9,1,48.9
417,"0",NA,NA,2,61.5,25,11.5,0,1,1,2,0,0.25,1202.61,3.64,149.5,0.027,279,15,5,12,0,0,16.9,72.2,-66.2,173.9,1,48.9
418,"1",30.12,0.051,1,42.01,42.01,13.68,1.3,1,1,1,1,0.25,807.879,2.92,232,0.0127,224.45,13,5,10,0,1,13,134.2,-76,202,1,4.8
419,"1",30,NA,1,42.57,42.57,13.86,0,1,1,1,0,0.125,807.879,2.92,232,0.0127,224.45,13,5,10,0,1,13,134.2,-76,202,1,4.8
420,"1",167.3,0.11,3.87,31.46,36.24,28.43,0,1,2,1,0,0.25,807.879,2.92,232,0.0127,224.45,13,5,10,0,1,13.8,134.2,-76,202,1,4.8
421,"0",178.2,0.24,3.83,33.94,33.39,28.84,0,1,2,1,0,0.25,807.879,2.92,232,0.0127,224.45,13,5,10,0,1,13.5,134.2,-76,202,1,4.8
422,"0",162.6,0.35,3.55,32.17,35.45,28.84,0,1,2,1,0,0.25,807.879,2.92,232,0.0127,224.45,13,5,10,0,1,13.6,134.2,-76,202,1,4.8
423,"1",144.8,0.24,1.96,48.97,39.18,9.79,0.1,2,1,1,1,0.375,807.879,2.92,232,0.0127,224.45,13,5,10,1,0,13,76.1,-59,188.2,1,56
424,"1",113.9,0.24,1.96,49.02,39.22,9.8,0,2,1,1,0,0.25,807.879,2.92,232,0.0127,224.45,13,5,10,1,0,13,76.1,-59,188.2,1,56
425,"1",121.5,0.338,0.38,13.56,57.37,28.69,0,1,1,1,0,0.125,807.879,2.92,232,0.0127,224.45,13,5,10,1,0,15,400,6,250,1.1,90
426,"1",275,NA,3.3,9.67,72.53,14.51,0,1,1,1,0,0.125,807.879,2.92,232,0.0127,224.45,13,5,10,0,1,14,134.2,-76,202,1,4.8
427,"1",40,NA,3.3,43.52,33.85,19.34,0,1,1,1,0,0.125,807.879,2.92,232,0.0127,224.45,13,5,10,0,1,13,134.2,-76,202,1,4.8
428,"1",81.3,NA,52.7,7.095,14.19,26.015,0,1,1,1,0,0.125,807.879,2.92,232,0.0127,224.45,13,5,10,1,0,15,600,19.5,200,1.1,0
429,"1",13.6,0.22,8.4,0,35.71,35.71,20.17,0,1,1,1,0.125,807.879,2.92,232,0.0127,224.45,13,5,10,0,0,13,134.2,-76,202,1,4.8
430,"1",16.1,0.37,1.36,0,46.88,46.88,4.89,0,1,1,1,0.125,853.906,3.54,216.5,0.00557,221.29,14,4,10,0,0,13,134.2,-76,202,1,4.8
431,"1",100,NA,1.96,33.17,42.59,22.28,0,1,1,1,0,0.125,807.879,2.92,232,0.0127,224.45,13,5,10,1,0,15,134.2,-76,202,1,4.8
432,"0",10,NA,3,5,62,30,0,1,3,1,0,0.375,853.906,3.54,216.5,0.00557,221.29,14,4,10,0,0,13.5,46.1,-114.1,78.4,0.8,1.1
433,"0",10,NA,3,5,62,30,0,1,3,1,0,0.375,853.906,3.54,216.5,0.00557,221.29,14,4,10,0,0,14,46.1,-114.1,78.4,0.8,1.1
434,"0",125,NA,3,5,62,30,0,1,3,1,0,0.375,853.906,3.54,216.5,0.00557,221.29,14,4,10,0,0,14.5,46.1,-114.1,78.4,0.8,1.1
435,"0",125,NA,3,5,62,30,0,1,3,1,0,0.375,853.906,3.54,216.5,0.00557,221.29,14,4,10,0,0,14.2,46.1,-114.1,78.4,0.8,1.1
436,"0",1000,NA,3,5,62,30,0,1,3,1,0,0.375,853.906,3.54,216.5,0.00557,221.29,14,4,10,0,0,14.5,46.1,-114.1,78.4,0.8,1.1
437,"0",10,NA,3,5,62,30,0,1,3,1,0,0.375,853.906,3.54,216.5,0.00557,221.29,14,4,10,0,0,13.5,46.1,-114.1,78.4,0.8,1.1
438,"0",10,NA,3,5,62,30,0,1,3,1,0,0.375,853.906,3.54,216.5,0.00557,221.29,14,4,10,0,0,14.4,46.1,-114.1,78.4,0.8,1.1
439,"1",10,NA,3,5,62,30,0,1,3,1,0,0.375,853.906,3.54,216.5,0.00557,221.29,14,4,10,0,0,13.3,46.1,-114.1,78.4,0.8,1.1
440,"1",30,NA,5.7,19,40,30.3,5,1,1,2,1,0.375,853.906,3.54,216.5,0.00557,221.29,14,4,10,1,0,13,223,-54,164.2,1,45.6
441,"1",NA,NA,6.25,20.8,41.7,31.25,0,1,1,2,0,0.25,853.906,3.54,216.5,0.00557,221.29,14,4,10,1,0,13,223,-54,164.2,1,45.6
442,"1",NA,NA,6,16,40,30,8,1,1,2,2,0.5,853.906,3.54,216.5,0.00557,221.29,14,4,10,1,0,13,223,-54,164.2,1,45.6
443,"1",34.13,0.074,2,42.14,41.16,14.7,0,1,1,1,0,0.125,807.879,2.92,232,0.0127,224.45,13,5,10,0,1,13,134.2,-76,202,1,4.8
444,"1",30.04,0.062,6,40.42,39.48,14.1,0,2,1,1,0,0.25,807.879,2.92,232,0.0127,224.45,13,5,10,1,0,13,134.2,-76,202,1,4.8
445,"1",108.2,0.23,3,13.58,65.96,17.46,0,2,1,1,0,0.25,853.906,3.54,216.5,0.00557,221.29,14,4,10,1,0,15,134.2,-76,202,1,4.8
446,"1",115.4,0.32,1,13.86,67.32,17.82,0,1,1,1,0,0.125,853.906,3.54,216.5,0.00557,221.29,14,4,10,1,0,15,134.2,-76,202,1,4.8
447,"0",16.3,0.169,1.5,9.85,78.8,9.85,0,1,2,1,0,0.25,853.906,3.54,216.5,0.00557,221.29,14,4,10,0,1,13.5,400,6,250,1.1,90
448,"0",20,0.229,1.5,14.78,73.88,9.85,0,1,2,1,0,0.25,853.906,3.54,216.5,0.00557,221.29,14,4,10,0,1,13.5,400,6,250,1.1,90
449,"1",19.4,0.35,1.5,14.78,73.88,9.85,0,1,2,1,0,0.25,853.906,3.54,216.5,0.00557,221.29,14,4,10,0,1,14.3,400,6,250,1.1,90
450,"0",21.6,0.086,1.5,19.7,68.95,9.85,0,1,2,1,0,0.25,853.906,3.54,216.5,0.00557,221.29,14,4,10,0,1,13.6,400,6,250,1.1,90
451,"0",23.5,0.446,1.5,19.7,68.95,9.85,0,1,2,1,0,0.25,853.906,3.54,216.5,0.00557,221.29,14,4,10,0,1,14.4,400,6,250,1.1,90
452,"1",NA,NA,1.36,0,46.88,46.88,4.89,0,1,1,1,0.125,853.906,3.54,216.5,0.00557,221.29,14,4,10,0,0,13,134.2,-76,202,1,4.8
453,"1",29.76,0.177,0.497,9.3,89.24,0.96,0,1,2,1,0,0.25,853.906,3.54,216.5,0.00557,221.29,14,4,10,0,1,13.8,46.1,-114.1,78.4,0.8,1.1
454,"1",10,NA,1,9.9,71.28,17.82,0,1,1,2,0,0.25,853.906,3.54,216.5,0.00557,221.29,14,4,10,1,0,15,283,-30.1,228.9,1.1,52.5
455,"1",402.3,NA,2.58,48.71,48.71,0,0,2,1,0,0,0.125,853.906,3.54,216.5,0.00557,221.29,14,4,10,0,1,11,0,0,0,0,0
456,"0",348.5,NA,2.43,48.79,48.79,0,0,2,1,0,0,0.125,853.906,3.54,216.5,0.00557,221.29,14,4,10,0,1,4.3,0,0,0,0,0
457,"0",288.3,NA,3.55,48.23,48.22,0,0,2,1,0,0,0.125,853.906,3.54,216.5,0.00557,221.29,14,4,10,0,1,15,0,0,0,0,0
458,"0",140.3,NA,4.33,47.84,47.84,0,0,1,1,0,0,0,853.906,3.54,216.5,0.00557,221.29,14,4,10,0,1,15,0,0,0,0,0
459,"0",38.15,NA,2.54,24.36,48.73,24.36,0,1,1,1,0,0.125,853.906,3.54,216.5,0.00557,221.29,14,4,10,0,1,15,76.1,-59,188.2,1,56
460,"1",NA,NA,1.25,28.14,70.6,0,0,1,2,0,0,0.125,853.906,3.54,216.5,0.00557,221.29,14,4,10,0,0,13.8,0,0,0,0,0
461,"1",NA,NA,4.8,52.36,33.32,9.52,0,2,1,1,0,0.25,500.423,8.06,137,0.00011,23.47,11,1,2,1,0,15,46.1,-114.1,78.4,0.8,1.1
462,"1",NA,NA,9.6,49.72,31.64,9.04,0,2,1,1,0,0.25,500.423,8.06,137,0.00011,23.47,11,1,2,1,0,15,46.1,-114.1,78.4,0.8,1.1
463,"1",NA,NA,4.8,51.82,32.97,9.42,1,2,1,1,1,0.375,500.423,8.06,137,0.00011,23.47,11,1,2,1,0,15,46.1,-114.1,78.4,0.8,1.1
464,"1",NA,NA,9.6,49.18,31.29,8.94,1,2,1,1,1,0.375,500.423,8.06,137,0.00011,23.47,11,1,2,1,0,15,46.1,-114.1,78.4,0.8,1.1
465,"1",50.3,NA,5,58,30,7,0,2,1,1,0,0.25,500.423,8.06,137,0.00011,23.47,11,1,2,1,0,13,46.1,-114.1,78.4,0.8,1.1
466,"1",47.9,NA,5,58,30,7,0,2,1,1,0,0.25,500.423,8.06,137,0.00011,23.47,11,1,2,1,0,13,46.1,-114.1,78.4,0.8,1.1
467,"1",60,0.7,3.52,53.06,33.77,9.65,0,2,1,1,0,0.25,500.423,8.06,137,0.00011,23.47,11,1,2,0,1,15,46.1,-114.1,78.4,0.8,1.1
468,"1",NA,NA,7.04,51.12,32.54,9.3,0,2,1,1,0,0.25,500.423,8.06,137,0.00011,23.47,11,1,2,0,1,15,46.1,-114.1,78.4,0.8,1.1
469,"1",80,0.42,4.8,52.36,33.32,9.52,0,2,1,1,0,0.25,500.423,8.06,137,0.00011,23.47,11,1,2,1,0,15,46.1,-114.1,78.4,0.8,1.1
470,"1",NA,NA,9.6,49.72,31.64,9.04,0,2,1,1,0,0.25,500.423,8.06,137,0.00011,23.47,11,1,2,1,0,15,46.1,-114.1,78.4,0.8,1.1
471,"1",NA,NA,5,70,15,10,0,2,1,1,0,0.25,500.423,8.06,137,0.00011,23.47,11,1,2,0,1,13,46.1,-114.1,78.4,0.8,1.1
472,"1",NA,NA,5,50,35,10,0,2,1,1,0,0.25,500.423,8.06,137,0.00011,23.47,11,1,2,0,1,13,46.1,-114.1,78.4,0.8,1.1
473,"1",NA,NA,5,58,30,7,0,2,1,1,0,0.25,500.423,8.06,137,0.00011,23.47,11,1,2,1,0,13,46.1,-114.1,78.4,0.8,1.1
474,"1",133,NA,5,80,10,5,0,2,1,1,0,0.25,500.423,8.06,137,0.00011,23.47,11,1,2,0,1,13,46.1,-114.1,78.4,0.8,1.1
475,"1",92.9,NA,5,75,15,5,0,2,1,1,0,0.25,500.423,8.06,137,0.00011,23.47,11,1,2,0,1,13,46.1,-114.1,78.4,0.8,1.1
476,"1",98.2,NA,5,70,20,5,0,2,1,1,0,0.25,500.423,8.06,137,0.00011,23.47,11,1,2,0,1,13,46.1,-114.1,78.4,0.8,1.1
477,"1",93.4,NA,5,65,25,5,0,2,1,1,0,0.25,500.423,8.06,137,0.00011,23.47,11,1,2,0,1,13,46.1,-114.1,78.4,0.8,1.1
478,"1",41.9,NA,5,60,30,5,0,2,1,1,0,0.25,500.423,8.06,137,0.00011,23.47,11,1,2,0,1,13,46.1,-114.1,78.4,0.8,1.1
479,"1",27.3,NA,5,55,35,5,0,2,1,1,0,0.25,500.423,8.06,137,0.00011,23.47,11,1,2,0,1,13,46.1,-114.1,78.4,0.8,1.1
480,"1",22,NA,5,50,40,5,0,2,1,1,0,0.25,500.423,8.06,137,0.00011,23.47,11,1,2,0,1,13,46.1,-114.1,78.4,0.8,1.1
481,"1",161.5,NA,5,75,10,10,0,2,1,1,0,0.25,500.423,8.06,137,0.00011,23.47,11,1,2,0,1,13,46.1,-114.1,78.4,0.8,1.1
482,"1",118.5,NA,5,70,15,10,0,2,1,1,0,0.25,500.423,8.06,137,0.00011,23.47,11,1,2,0,1,13,46.1,-114.1,78.4,0.8,1.1
483,"0",201.9,NA,5,65,20,10,0,2,1,1,0,0.25,500.423,8.06,137,0.00011,23.47,11,1,2,0,1,13,46.1,-114.1,78.4,0.8,1.1
484,"0",251.4,NA,5,60,25,10,0,2,1,1,0,0.25,500.423,8.06,137,0.00011,23.47,11,1,2,0,1,13,46.1,-114.1,78.4,0.8,1.1
485,"1",141.4,NA,5,55,30,10,0,2,1,1,0,0.25,500.423,8.06,137,0.00011,23.47,11,1,2,0,1,13,46.1,-114.1,78.4,0.8,1.1
486,"1",51.5,NA,5,50,35,10,0,2,1,1,0,0.25,500.423,8.06,137,0.00011,23.47,11,1,2,0,1,13,46.1,-114.1,78.4,0.8,1.1
487,"1",27.9,NA,5,45,40,10,0,2,1,1,0,0.25,500.423,8.06,137,0.00011,23.47,11,1,2,0,1,13,46.1,-114.1,78.4,0.8,1.1
488,"1",127.7,NA,5,70,10,15,0,2,1,1,0,0.25,500.423,8.06,137,0.00011,23.47,11,1,2,0,1,13,46.1,-114.1,78.4,0.8,1.1
489,"1",151.5,NA,5,65,15,15,0,2,1,1,0,0.25,500.423,8.06,137,0.00011,23.47,11,1,2,0,1,13,46.1,-114.1,78.4,0.8,1.1
490,"0",284.3,NA,5,60,20,15,0,2,1,1,0,0.25,500.423,8.06,137,0.00011,23.47,11,1,2,0,1,13,46.1,-114.1,78.4,0.8,1.1
491,"0",278.6,NA,5,55,25,15,0,2,1,1,0,0.25,500.423,8.06,137,0.00011,23.47,11,1,2,0,1,13,46.1,-114.1,78.4,0.8,1.1
492,"0",266.2,NA,5,50,30,15,0,2,1,1,0,0.25,500.423,8.06,137,0.00011,23.47,11,1,2,0,1,13,46.1,-114.1,78.4,0.8,1.1
493,"1",184.3,NA,5,45,35,15,0,2,1,1,0,0.25,500.423,8.06,137,0.00011,23.47,11,1,2,0,1,13,46.1,-114.1,78.4,0.8,1.1
494,"0",NA,NA,5,80,10,5,0,2,1,1,0,0.25,500.423,8.06,137,0.00011,23.47,11,1,2,1,0,13,46.1,-114.1,78.4,0.8,1.1
495,"0",NA,NA,5,75,15,5,0,2,1,1,0,0.25,500.423,8.06,137,0.00011,23.47,11,1,2,1,0,13,46.1,-114.1,78.4,0.8,1.1
496,"0",NA,NA,5,70,20,5,0,2,1,1,0,0.25,500.423,8.06,137,0.00011,23.47,11,1,2,1,0,13,46.1,-114.1,78.4,0.8,1.1
497,"1",229.7,NA,5,65,25,5,0,2,1,1,0,0.25,500.423,8.06,137,0.00011,23.47,11,1,2,1,0,13,46.1,-114.1,78.4,0.8,1.1
498,"1",78.7,NA,5,60,30,5,0,2,1,1,0,0.25,500.423,8.06,137,0.00011,23.47,11,1,2,1,0,13,46.1,-114.1,78.4,0.8,1.1
499,"1",38.1,NA,5,55,35,5,0,2,1,1,0,0.25,500.423,8.06,137,0.00011,23.47,11,1,2,1,0,13,46.1,-114.1,78.4,0.8,1.1
500,"1",31.9,NA,5,50,40,5,0,2,1,1,0,0.25,500.423,8.06,137,0.00011,23.47,11,1,2,1,0,13,46.1,-114.1,78.4,0.8,1.1
501,"0",NA,NA,5,68,20,7,0,2,1,1,0,0.25,500.423,8.06,137,0.00011,23.47,11,1,2,1,0,13,46.1,-114.1,78.4,0.8,1.1
502,"1",123.7,NA,5,63,25,7,0,2,1,1,0,0.25,500.423,8.06,137,0.00011,23.47,11,1,2,1,0,13,46.1,-114.1,78.4,0.8,1.1
503,"1",49.6,NA,5,58,30,7,0,2,1,1,0,0.25,500.423,8.06,137,0.00011,23.47,11,1,2,1,0,13,46.1,-114.1,78.4,0.8,1.1
504,"1",42.6,NA,5,53,35,7,0,2,1,1,0,0.25,500.423,8.06,137,0.00011,23.47,11,1,2,1,0,13,46.1,-114.1,78.4,0.8,1.1
505,"1",54.9,NA,5,48,40,7,0,2,1,1,0,0.25,500.423,8.06,137,0.00011,23.47,11,1,2,1,0,13,46.1,-114.1,78.4,0.8,1.1
506,"0",NA,NA,5,65,20,10,0,2,1,1,0,0.25,500.423,8.06,137,0.00011,23.47,11,1,2,1,0,13,46.1,-114.1,78.4,0.8,1.1
507,"1",161.5,NA,5,60,25,10,0,2,1,1,0,0.25,500.423,8.06,137,0.00011,23.47,11,1,2,1,0,13,46.1,-114.1,78.4,0.8,1.1
508,"1",76.5,NA,5,55,30,10,0,2,1,1,0,0.25,500.423,8.06,137,0.00011,23.47,11,1,2,1,0,13,46.1,-114.1,78.4,0.8,1.1
509,"1",87.8,NA,5,50,35,10,0,2,1,1,0,0.25,500.423,8.06,137,0.00011,23.47,11,1,2,1,0,13,46.1,-114.1,78.4,0.8,1.1
510,"1",35,NA,3,40.74,56.26,0,0,2,2,0,0,0.25,500.423,8.06,137,0.00011,23.47,11,1,2,1,0,14,0,0,0,0,0
511,"1",56,NA,0.3,41.88,57.82,0,0,2,2,0,0,0.25,500.423,8.06,137,0.00011,23.47,11,1,2,1,0,14,0,0,0,0,0
512,"1",NA,NA,0.35,0,94.67,4.98,0,0,1,1,0,0,500.423,8.06,137,0.00011,23.47,11,1,2,0,0,15,400,6,250,1.1,90
513,"1",NA,NA,0.35,0,89.69,9.97,0,0,1,1,0,0,500.423,8.06,137,0.00011,23.47,11,1,2,0,0,15,400,6,250,1.1,90
514,"1",NA,NA,0.35,0,84.7,14.95,0,0,1,1,0,0,500.423,8.06,137,0.00011,23.47,11,1,2,0,0,15,400,6,250,1.1,90
515,"1",NA,NA,0.35,0,74.74,24.91,0,0,1,1,0,0,500.423,8.06,137,0.00011,23.47,11,1,2,0,0,15,400,6,250,1.1,90
516,"1",NA,NA,0.35,0,49.83,49.83,0,0,1,1,0,0,500.423,8.06,137,0.00011,23.47,11,1,2,0,0,15,400,6,250,1.1,90
517,"0",21.2,0.09,0.07,9.99,69.95,19.99,0,1,1,1,0,0.125,368.294,1.79,217.5,0.0407,124.04,5,1,6,1,0,13,134.2,-76,202,1,4.8
518,"0",26.4,0.12,0.06,9.99,59.96,29.98,0,1,1,1,0,0.125,368.294,1.79,217.5,0.0407,124.04,5,1,6,1,0,13,134.2,-76,202,1,4.8
519,"0",21.7,0.09,0.07,9.99,49.97,39.97,0,1,1,1,0,0.125,368.294,1.79,217.5,0.0407,124.04,5,1,6,1,0,13,134.2,-76,202,1,4.8
520,"0",23.7,0.07,0.07,9.99,39.97,49.96,0,1,1,1,0,0.125,368.294,1.79,217.5,0.0407,124.04,5,1,6,1,0,13,134.2,-76,202,1,4.8
521,"0",24.7,0.13,0.1,9.99,29.97,59.94,0,1,1,1,0,0.125,368.294,1.79,217.5,0.0407,124.04,5,1,6,1,0,13,134.2,-76,202,1,4.8
522,"0",31.6,0.15,0.47,9.95,79.62,9.95,0,1,1,1,0,0.125,368.294,1.79,217.5,0.0407,124.04,5,1,6,1,0,15,134.2,-76,202,1,4.8
523,"1",21.9,0.09,0.52,9.95,69.64,19.9,0,1,1,1,0,0.125,368.294,1.79,217.5,0.0407,124.04,5,1,6,1,0,15,134.2,-76,202,1,4.8
524,"0",25.1,0.24,0.36,9.96,59.78,29.89,0,1,1,1,0,0.125,368.294,1.79,217.5,0.0407,124.04,5,1,6,1,0,15,134.2,-76,202,1,4.8
525,"0",27.8,0.27,0.25,9.97,49.87,39.9,0,1,1,1,0,0.125,368.294,1.79,217.5,0.0407,124.04,5,1,6,1,0,15,134.2,-76,202,1,4.8
526,"1",22.95,0.21,0.51,9.95,79.59,9.95,0,1,1,1,0,0.125,368.294,1.79,217.5,0.0407,124.04,5,1,6,0,0,15,200,-50,200,1.1,0
527,"0",44.95,0.32,0.33,9.97,69.77,19.93,0,1,1,1,0,0.125,368.294,1.79,217.5,0.0407,124.04,5,1,6,0,0,15,200,-50,200,1.1,0
528,"0",61.81,0.244,0.46,9.95,79.63,9.95,0,1,1,1,0,0.125,368.294,1.79,217.5,0.0407,124.04,5,1,6,0,1,15,200,-50,200,1.1,0
529,"0",86.57,0.272,0.23,9.98,69.84,19.95,0,1,1,1,0,0.125,368.294,1.79,217.5,0.0407,124.04,5,1,6,0,1,15,200,-50,200,1.1,0
530,"0",182.8,0.411,0.41,9.96,59.75,29.88,0,1,1,1,0,0.125,368.294,1.79,217.5,0.0407,124.04,5,1,6,0,1,15,200,-50,200,1.1,0
531,"0",80.96,0.298,0.33,9.97,79.74,9.97,0,1,1,1,0,0.125,368.294,1.79,217.5,0.0407,124.04,5,1,6,0,1,15,300,6,220,1.1,90
532,"0",41.21,0.203,0.22,9.98,69.85,19.96,0,1,1,1,0,0.125,368.294,1.79,217.5,0.0407,124.04,5,1,6,0,1,15,300,6,220,1.1,90
533,"0",170.7,0.48,0.49,9.95,59.71,29.85,0,1,1,1,0,0.125,368.294,1.79,217.5,0.0407,124.04,5,1,6,0,1,15,300,6,220,1.1,90
534,"1",19.06,0.346,0.63,9.94,79.5,9.94,0,1,1,1,0,0.125,368.294,1.79,217.5,0.0407,124.04,5,1,6,0,1,15,200,-50,200,1.1,0
535,"1",20.46,0.417,0.6,9.94,69.58,19.88,0,1,1,1,0,0.125,368.294,1.79,217.5,0.0407,124.04,5,1,6,0,1,15,200,-50,200,1.1,0
536,"1",24.1,0.393,0.51,9.95,59.7,29.85,0,1,1,1,0,0.125,368.294,1.79,217.5,0.0407,124.04,5,1,6,0,1,15,200,-50,200,1.1,0
537,"0",18.36,0.26,0.45,9.95,49.77,39.82,0,1,1,1,0,0.125,368.294,1.79,217.5,0.0407,124.04,5,1,6,0,1,15,200,-50,200,1.1,0
538,"0",20.1,0.163,0.38,9.96,39.85,49.81,0,1,1,1,0,0.125,368.294,1.79,217.5,0.0407,124.04,5,1,6,0,1,15,200,-50,200,1.1,0
539,"0",36.63,0.419,0.37,9.96,29.89,59.78,0,1,1,1,0,0.125,368.294,1.79,217.5,0.0407,124.04,5,1,6,0,1,15,200,-50,200,1.1,0
540,"1",14.67,0.2195,0.56,9.94,59.66,29.83,0,1,1,1,0,0.125,368.294,1.79,217.5,0.0407,124.04,5,1,6,0,1,15,300,6,220,1.1,90
541,"0",19.13,0.287,0.36,9.96,49.82,39.86,0,1,1,1,0,0.125,368.294,1.79,217.5,0.0407,124.04,5,1,6,0,1,15,300,6,220,1.1,90
542,"0",165.73,0.21,0.46,9.95,39.82,49.77,0,1,1,1,0,0.125,368.294,1.79,217.5,0.0407,124.04,5,1,6,0,1,15,300,6,220,1.1,90
543,"1",33,NA,6.98,37.21,27.91,27.91,0,1,1,1,0,0.125,418.56,4.46,136.5,0.0122,117.68,7,1,3,0,1,13,134.2,-76,202,1,4.8
544,"0",176,NA,6.98,37.21,27.91,27.91,0,1,1,1,0,0.125,418.56,4.46,136.5,0.0122,117.68,7,1,3,0,1,13,400,6,250,1.1,90
545,"0",142,NA,6.98,37.21,27.91,27.91,0,1,1,1,0,0.125,418.56,4.46,136.5,0.0122,117.68,7,1,3,0,1,13,76.1,-59,188.2,1,56
546,"0",150,NA,13.04,34.78,26.09,26.09,0,1,1,1,0,0.125,418.56,4.46,136.5,0.0122,117.68,7,1,3,0,1,13,134.2,-76,202,1,4.8
547,"0",766,NA,6.98,37.21,27.91,27.91,0,1,1,1,0,0.125,418.56,4.46,136.5,0.0122,117.68,7,1,3,0,1,13,134.2,-76,202,1,4.8
548,"0",NA,NA,0.99,89.11,9.9,0,0,1,1,0,0,0,418.56,4.46,136.5,0.0122,117.68,7,1,3,0,1,15,0,0,0,0,0
549,"1",NA,NA,0.99,69.31,29.7,0,0,1,1,0,0,0,418.56,4.46,136.5,0.0122,117.68,7,1,3,0,1,15,0,0,0,0,0
550,"0",NA,NA,0.99,49.5,49.5,0,0,1,1,0,0,0,418.56,4.46,136.5,0.0122,117.68,7,1,3,0,1,15,0,0,0,0,0
551,"0",NA,NA,0.99,69.31,29.7,0,0,1,1,0,0,0,418.56,4.46,136.5,0.0122,117.68,7,1,3,0,1,15,0,0,0,0,0
552,"1",34.9,NA,8.47,50.34,32.04,9.15,0,2,1,1,0,0.25,418.56,4.46,136.5,0.0122,117.68,7,1,3,0,1,15,46.1,-114.1,78.4,0.8,1.1
553,"1",NA,NA,16.94,45.69,29.07,8.31,0,2,1,1,0,0.25,418.56,4.46,136.5,0.0122,117.68,7,1,3,0,1,15,46.1,-114.1,78.4,0.8,1.1
554,"0",NA,NA,22.58,42.58,27.1,7.74,0,2,1,1,0,0.25,418.56,4.46,136.5,0.0122,117.68,7,1,3,0,1,15,46.1,-114.1,78.4,0.8,1.1
555,"0",7.9,NA,1,10.89,78.21,9.9,0,1,1,1,0,0.125,418.56,4.46,136.5,0.0122,117.68,7,1,3,0,1,15,200,-50,200,1.1,0
556,"0",121,NA,1,10.89,29.7,58.41,0,1,1,1,0,0.125,418.56,4.46,136.5,0.0122,117.68,7,1,3,0,1,15,200,-50,200,1.1,0
557,"0",7.2,NA,1,9.9,79.2,9.9,0,1,1,1,0,0.125,418.56,4.46,136.5,0.0122,117.68,7,1,3,0,1,15,200,-50,200,1.1,0
558,"1",8,NA,1,8.91,79.2,10.89,0,1,1,1,0,0.125,418.56,4.46,136.5,0.0122,117.68,7,1,3,0,1,15,200,-50,200,1.1,0
559,"0",123,NA,1,9.9,29.7,59.4,0,1,1,1,0,0.125,418.56,4.46,136.5,0.0122,117.68,7,1,3,0,1,15,200,-50,200,1.1,0
560,"0",112,NA,1,8.91,30.69,59.4,0,1,1,1,0,0.125,418.56,4.46,136.5,0.0122,117.68,7,1,3,0,1,15,200,-50,200,1.1,0
561,"0",NA,NA,5.89,28.23,65.87,0,0,1,1,0,0,0,418.56,4.46,136.5,0.0122,117.68,7,1,3,1,0,14,0,0,0,0,0
562,"0",NA,NA,5.53,28.34,66.13,0,0,1,1,0,0,0,418.56,4.46,136.5,0.0122,117.68,7,1,3,1,0,15,0,0,0,0,0
563,"0",NA,NA,5.5,28.35,66.15,0,0,1,1,0,0,0,418.56,4.46,136.5,0.0122,117.68,7,1,3,1,0,15,0,0,0,0,0
564,"0",NA,NA,5.64,9.44,84.92,0,0,1,1,0,0,0,418.56,4.46,136.5,0.0122,117.68,7,1,3,1,0,15,0,0,0,0,0
565,"0",NA,NA,5.61,18.88,75.51,0,0,1,1,0,0,0,418.56,4.46,136.5,0.0122,117.68,7,1,3,1,0,15,0,0,0,0,0
566,"1",NA,NA,6.18,9.38,84.44,0,0,1,1,0,0,0,418.56,4.46,136.5,0.0122,117.68,7,1,3,1,0,14,0,0,0,0,0
567,"0",NA,NA,5.93,18.81,75.25,0,0,1,1,0,0,0,418.56,4.46,136.5,0.0122,117.68,7,1,3,1,0,14,0,0,0,0,0
568,"0",NA,NA,5.68,0,94.32,0,0,0,2,0,0,0,418.56,4.46,136.5,0.0122,117.68,7,1,3,0,0,14.3,0,0,0,0,0
569,"0",NA,NA,5.74,0,94.26,0,0,0,2,0,0,0,418.56,4.46,136.5,0.0122,117.68,7,1,3,0,0,14.7,0,0,0,0,0
570,"0",NA,NA,5.99,28.2,65.81,0,0,1,2,0,0,0.125,418.56,4.46,136.5,0.0122,117.68,7,1,3,1,0,14.3,0,0,0,0,0
571,"0",NA,NA,5.9,14.11,79.98,0,0,1,2,0,0,0.125,418.56,4.46,136.5,0.0122,117.68,7,1,3,1,0,14.5,0,0,0,0,0
572,"0",47,NA,19.98,44.01,28.01,8,0,2,1,1,0,0.25,418.56,4.46,136.5,0.0122,117.68,7,1,3,0,1,15,46.1,-114.1,78.4,0.8,1.1
573,"0",47,NA,19.9,43.5,27.69,7.91,1,2,1,1,1,0.375,418.56,4.46,136.5,0.0122,117.68,7,1,3,0,1,15,46.1,-114.1,78.4,0.8,1.1
574,"0",47,NA,22.86,36.93,23.5,6.71,10,2,1,1,1,0.375,418.56,4.46,136.5,0.0122,117.68,7,1,3,0,1,15,46.1,-114.1,78.4,0.8,1.1
575,"1",47,NA,25.26,30.11,19.16,5.47,20,2,1,1,1,0.375,418.56,4.46,136.5,0.0122,117.68,7,1,3,0,1,15,46.1,-114.1,78.4,0.8,1.1
576,"0",NA,NA,24.975,41.26,26.26,7.5,0,2,1,1,0,0.25,418.56,4.46,136.5,0.0122,117.68,7,1,3,0,1,15,46.1,-114.1,78.4,0.8,1.1
577,"0",55,NA,24.875,40.77,25.94,7.41,1,2,1,1,1,0.375,418.56,4.46,136.5,0.0122,117.68,7,1,3,0,1,15,46.1,-114.1,78.4,0.8,1.1
578,"0",55,NA,28.575,33.78,21.5,6.14,10,2,1,1,1,0.375,418.56,4.46,136.5,0.0122,117.68,7,1,3,0,1,15,46.1,-114.1,78.4,0.8,1.1
579,"0",55,NA,31.575,26.64,16.95,4.84,20,2,1,1,1,0.375,418.56,4.46,136.5,0.0122,117.68,7,1,3,0,1,15,46.1,-114.1,78.4,0.8,1.1
580,"0",13.57,0.181,5,9.5,85.5,0,0,1,2,0,0,0.125,418.56,4.46,136.5,0.0122,117.68,7,1,3,1,0,14.5,0,0,0,0,0
581,"0",16.03,0.183,5,9.5,85.5,0,0,1,2,0,0,0.125,418.56,4.46,136.5,0.0122,117.68,7,1,3,1,0,14.3,0,0,0,0,0
582,"1",17.45,0.168,5,9.5,85.51,0,0,1,2,0,0,0.125,418.56,4.46,136.5,0.0122,117.68,7,1,3,1,0,14.2,0,0,0,0,0
583,"0",46.41,0.286,5,9.5,85.51,0,0,1,2,0,0,0.125,418.56,4.46,136.5,0.0122,117.68,7,1,3,0,1,14.2,0,0,0,0,0
584,"1",55.63,0.235,0.2,49.65,16.88,32.77,0.5,2,1,1,1,0.375,418.56,4.46,136.5,0.0122,117.68,7,1,3,0,1,15,134.2,-76,202,1,4.8
585,"1",40.69,0.257,1,19.8,52.8,26.4,0,1,1,1,0,0.125,418.56,4.46,136.5,0.0122,117.68,7,1,3,1,0,15,46.1,-114.1,78.4,0.8,1.1
586,"0",48.25,0.272,1,9.9,44.55,44.55,0,1,1,1,0,0.125,418.56,4.46,136.5,0.0122,117.68,7,1,3,1,0,15,46.1,-114.1,78.4,0.8,1.1
587,"0",76.26,0.298,1,19.8,39.6,39.6,0,1,1,1,0,0.125,418.56,4.46,136.5,0.0122,117.68,7,1,3,1,0,15,46.1,-114.1,78.4,0.8,1.1
588,"0",63.51,0.283,1,29.7,34.65,34.65,0,1,1,1,0,0.125,418.56,4.46,136.5,0.0122,117.68,7,1,3,1,0,15,46.1,-114.1,78.4,0.8,1.1
589,"0",45.23,0.265,1,9.9,29.7,59.4,0,1,1,1,0,0.125,418.56,4.46,136.5,0.0122,117.68,7,1,3,1,0,15,46.1,-114.1,78.4,0.8,1.1
590,"0",77.34,0.298,1,19.8,26.4,52.8,0,1,1,1,0,0.125,418.56,4.46,136.5,0.0122,117.68,7,1,3,1,0,15,46.1,-114.1,78.4,0.8,1.1
591,"0",81.22,0.305,1,29.7,23.1,46.2,0,1,1,1,0,0.125,418.56,4.46,136.5,0.0122,117.68,7,1,3,1,0,15,46.1,-114.1,78.4,0.8,1.1
592,"0",67.22,0.287,1,9.9,59.4,29.7,0,1,1,1,0,0.125,418.56,4.46,136.5,0.0122,117.68,7,1,3,1,0,15,46.1,-114.1,78.4,0.8,1.1
593,"0",80.77,0.299,1,29.7,46.2,23.1,0,1,1,1,0,0.125,418.56,4.46,136.5,0.0122,117.68,7,1,3,1,0,15,46.1,-114.1,78.4,0.8,1.1
594,"1",13.1,0.112,5,9.5,85.5,0,0,1,2,0,0,0.125,418.56,4.46,136.5,0.0122,117.68,7,1,3,1,0,14.5,0,0,0,0,0
595,"1",13.38,0.09,5,9.5,85.5,0,0,1,2,0,0,0.125,418.56,4.46,136.5,0.0122,117.68,7,1,3,1,0,14.3,0,0,0,0,0
596,"1",14.36,0.085,5,9.5,85.51,0,0,1,2,0,0,0.125,418.56,4.46,136.5,0.0122,117.68,7,1,3,1,0,14.2,0,0,0,0,0
597,"0",17.39,0.146,5,9.5,85.5,0,0,1,2,0,0,0.125,418.56,4.46,136.5,0.0122,117.68,7,1,3,0,1,14.5,0,0,0,0,0
598,"0",22.27,0.131,5,9.5,85.5,0,0,1,2,0,0,0.125,418.56,4.46,136.5,0.0122,117.68,7,1,3,0,1,14.3,0,0,0,0,0
599,"0",23.49,0.124,5,9.5,85.51,0,0,1,2,0,0,0.125,418.56,4.46,136.5,0.0122,117.68,7,1,3,0,1,14.2,0,0,0,0,0
600,"0",15.8,0.17,5,9.5,57,28.5,0,1,1,1,0,0.125,418.56,4.46,136.5,0.0122,117.68,7,1,3,0,1,15,134.2,-76,202,1,4.8
601,"0",22.7,0.22,5,19,38,38,0,1,1,1,0,0.125,418.56,4.46,136.5,0.0122,117.68,7,1,3,0,1,15,134.2,-76,202,1,4.8
602,"1",14.5,0.11,5,9.5,57,28.5,0,1,1,1,0,0.125,418.56,4.46,136.5,0.0122,117.68,7,1,3,0,1,15,134.2,-76,202,1,4.8
603,"0",19.8,0.2,5,19,38,38,0,1,1,1,0,0.125,418.56,4.46,136.5,0.0122,117.68,7,1,3,0,1,15,134.2,-76,202,1,4.8
604,"0",NA,NA,5,28.5,38,28.5,0,1,1,1,0,0.125,418.56,4.46,136.5,0.0122,117.68,7,1,3,1,0,15,134.2,-76,202,1,4.8
605,"0",16.4,0.05,5,9.5,57,28.5,0,1,1,1,0,0.125,418.56,4.46,136.5,0.0122,117.68,7,1,3,1,0,15,134.2,-76,202,1,4.8
606,"1",NA,NA,0.25,39.9,59.85,0,0,2,1,0,0,0.125,418.56,4.46,136.5,0.0122,117.68,7,1,3,1,0,16,0,0,0,0,0
607,"0",48,0.3,0.63,54.66,34.78,9.94,0,2,1,1,0,0.25,418.56,4.46,136.5,0.0122,117.68,7,1,3,0,1,13,46.1,-114.1,78.4,0.8,1.1
608,"0",58,0.2,0.43,54.76,34.85,9.96,0,2,1,1,0,0.25,418.56,4.46,136.5,0.0122,117.68,7,1,3,1,0,13,46.1,-114.1,78.4,0.8,1.1
609,"0",50,0.3,1.25,54.31,34.56,9.88,0,2,1,1,0,0.25,418.56,4.46,136.5,0.0122,117.68,7,1,3,0,1,13,46.1,-114.1,78.4,0.8,1.1
610,"0",60,0.15,0.85,54.54,34.7,9.91,0,2,1,1,0,0.25,418.56,4.46,136.5,0.0122,117.68,7,1,3,1,0,13,46.1,-114.1,78.4,0.8,1.1
611,"1",110,0.5,3.13,53.28,33.91,9.69,0,2,1,1,0,0.25,418.56,4.46,136.5,0.0122,117.68,7,1,3,0,1,13,46.1,-114.1,78.4,0.8,1.1
612,"1",85,0.25,2.13,53.82,34.25,9.79,0,2,1,1,0,0.25,418.56,4.46,136.5,0.0122,117.68,7,1,3,1,0,13,46.1,-114.1,78.4,0.8,1.1
613,"0",37,0.08,2.82,53.45,34.01,9.72,0,2,1,1,0,0.25,418.56,4.46,136.5,0.0122,117.68,7,1,3,0,1,15,46.1,-114.1,78.4,0.8,1.1
614,"0",43,0.02,2.11,53.84,34.26,9.79,0,2,1,1,0,0.25,418.56,4.46,136.5,0.0122,117.68,7,1,3,1,0,15,46.1,-114.1,78.4,0.8,1.1
615,"0",37,0.09,5.65,51.9,33.02,9.44,0,2,1,1,0,0.25,418.56,4.46,136.5,0.0122,117.68,7,1,3,0,1,15,46.1,-114.1,78.4,0.8,1.1
616,"0",43,0.03,4.22,52.68,33.52,9.58,0,2,1,1,0,0.25,418.56,4.46,136.5,0.0122,117.68,7,1,3,1,0,15,46.1,-114.1,78.4,0.8,1.1
617,"1",37,0.09,8.47,50.34,32.04,9.15,0,2,1,1,0,0.25,418.56,4.46,136.5,0.0122,117.68,7,1,3,0,1,15,46.1,-114.1,78.4,0.8,1.1
618,"1",50,0.13,6.32,51.52,32.79,9.37,0,2,1,1,0,0.25,418.56,4.46,136.5,0.0122,117.68,7,1,3,1,0,15,46.1,-114.1,78.4,0.8,1.1
619,"0",40,0.02,11.29,48.79,31.05,8.87,0,2,1,1,0,0.25,418.56,4.46,136.5,0.0122,117.68,7,1,3,0,1,15,46.1,-114.1,78.4,0.8,1.1
620,"0",82,0.2,8.43,50.36,32.05,9.16,0,2,1,1,0,0.25,418.56,4.46,136.5,0.0122,117.68,7,1,3,1,0,15,46.1,-114.1,78.4,0.8,1.1
621,"1",NA,NA,2,53.9,34.3,9.8,0,2,1,1,0,0.25,368.514,5.88,118.5,0.75,6.48,6,0,2,1,0,15,46.1,-114.1,78.4,0.8,1.1
622,"1",NA,NA,5,52.26,33.25,9.5,0,2,1,1,0,0.25,368.514,5.88,118.5,0.75,6.48,6,0,2,1,0,15,46.1,-114.1,78.4,0.8,1.1
623,"1",NA,NA,5,34.2,51.3,9.5,0,2,2,1,0,0.375,368.514,5.88,118.5,0.75,6.48,6,0,2,1,0,14.6,46.1,-114.1,78.4,0.8,1.1
624,"1",NA,NA,2.5,35.11,52.66,9.75,0,2,2,1,0,0.375,368.514,5.88,118.5,0.75,6.48,6,0,2,1,0,14.6,46.1,-114.1,78.4,0.8,1.1
625,"1",NA,NA,1.25,35.55,53.33,9.88,0,2,2,1,0,0.375,368.514,5.88,118.5,0.75,6.48,6,0,2,1,0,14.6,46.1,-114.1,78.4,0.8,1.1
626,"1",50,NA,4.17,47.92,47.92,0,0,2,1,0,0,0.125,368.514,5.88,118.5,0.75,6.48,6,0,2,0,1,11,0,0,0,0,0
627,"1",29,NA,4.17,47.92,47.92,0,0,2,1,0,0,0.125,368.514,5.88,118.5,0.75,6.48,6,0,2,0,1,11,0,0,0,0,0
628,"0",77,NA,4.17,47.92,47.92,0,0,2,1,0,0,0.125,368.514,5.88,118.5,0.75,6.48,6,0,2,1,0,13,0,0,0,0,0
629,"0",108,NA,4.17,47.92,47.92,0,0,2,1,0,0,0.125,368.514,5.88,118.5,0.75,6.48,6,0,2,1,0,13,0,0,0,0,0
630,"0",108,NA,4.17,38.34,47.92,9.58,0,2,1,1,0,0.25,368.514,5.88,118.5,0.75,6.48,6,0,2,1,0,13,76.1,-59,188.2,1,56
631,"1",36.4,NA,2.5,43.9,43.9,9.7,0,2,1,1,0,0.25,368.514,5.88,118.5,0.75,6.48,6,0,2,1,0,15,46.1,-114.1,78.4,0.8,1.1
632,"1",23.3,NA,2.5,35.1,52.7,9.7,0,2,2,1,0,0.375,368.514,5.88,118.5,0.75,6.48,6,0,2,1,0,14.6,46.1,-114.1,78.4,0.8,1.1
633,"1",13.9,NA,2.5,17.5,61.5,18.5,0,2,2,2,0,0.5,368.514,5.88,118.5,0.75,6.48,6,0,2,1,0,14.2,216,-56.5,160.8,1,43.8
634,"1",11.4,NA,2.5,8.8,70.3,18.5,0,2,2,2,0,0.5,368.514,5.88,118.5,0.75,6.48,6,0,2,1,0,14.3,216,-56.5,160.8,1,43.8
635,"1",40,0.3,8,46,46,0,0,2,1,0,0,0.125,368.514,5.88,118.5,0.75,6.48,6,0,2,1,0,13,0,0,0,0,0
636,"1",28.1,NA,5,34.2,51.3,9.5,0,2,2,1,0,0.375,368.514,5.88,118.5,0.75,6.48,6,0,2,1,0,14.6,46.1,-114.1,78.4,0.8,1.1
637,"0",11.1,NA,3,9.7,87.3,0,0,1,2,0,0,0.125,368.514,5.88,118.5,0.75,6.48,6,0,2,0,1,15.5,0,0,0,0,0
638,"0",10.9,NA,3,9.7,87.3,0,0,1,2,0,0,0.125,368.514,5.88,118.5,0.75,6.48,6,0,2,0,1,15.2,0,0,0,0,0
639,"0",19.1,NA,3,9.7,87.3,0,0,1,2,0,0,0.125,368.514,5.88,118.5,0.75,6.48,6,0,2,0,1,15.8,0,0,0,0,0
640,"0",374.1,NA,3,19.4,77.6,0,0,1,2,0,0,0.125,368.514,5.88,118.5,0.75,6.48,6,0,2,0,1,15.5,0,0,0,0,0
641,"0",288.4,NA,3,19.4,77.6,0,0,1,2,0,0,0.125,368.514,5.88,118.5,0.75,6.48,6,0,2,0,1,15.2,0,0,0,0,0
642,"0",212.3,NA,3,19.4,77.6,0,0,1,2,0,0,0.125,368.514,5.88,118.5,0.75,6.48,6,0,2,0,1,15.8,0,0,0,0,0
643,"0",285.5,NA,3,29.1,67.9,0,0,1,2,0,0,0.125,368.514,5.88,118.5,0.75,6.48,6,0,2,0,1,15.5,0,0,0,0,0
644,"1",269.3,NA,3,29.1,67.9,0,0,1,2,0,0,0.125,368.514,5.88,118.5,0.75,6.48,6,0,2,0,1,15.2,0,0,0,0,0
645,"0",239.6,NA,3,29.1,67.9,0,0,1,2,0,0,0.125,368.514,5.88,118.5,0.75,6.48,6,0,2,0,1,15.8,0,0,0,0,0
646,"1",40.1,NA,8,46,46,0,0,2,1,0,0,0.125,368.514,5.88,118.5,0.75,6.48,6,0,2,1,0,13,0,0,0,0,0
647,"0",NA,NA,3.73,77.02,19.25,0,0,1,1,0,0,0,368.514,5.88,118.5,0.75,6.48,6,0,2,1,0,14,0,0,0,0,0
648,"0",NA,NA,1.05,79.16,19.79,0,0,2,1,0,0,0.125,368.514,5.88,118.5,0.75,6.48,6,0,2,1,0,14,0,0,0,0,0
649,"1",NA,NA,3.97,76.82,19.21,0,0,2,1,0,0,0.125,368.514,5.88,118.5,0.75,6.48,6,0,2,1,0,14,0,0,0,0,0
650,"0",NA,NA,3.94,76.84,19.21,0,0,1,1,0,0,0,368.514,5.88,118.5,0.75,6.48,6,0,2,0,1,14,0,0,0,0,0
651,"0",NA,NA,4.21,76.64,19.16,0,0,2,1,0,0,0.125,368.514,5.88,118.5,0.75,6.48,6,0,2,0,1,14,0,0,0,0,0
652,"0",NA,NA,4.11,76.7,19.18,0,0,2,1,0,0,0.125,368.514,5.88,118.5,0.75,6.48,6,0,2,0,1,14,0,0,0,0,0
653,"0",NA,NA,6.64,74.69,18.67,0,0,1,1,0,0,0,368.514,5.88,118.5,0.75,6.48,6,0,2,1,0,14,0,0,0,0,0
654,"0",NA,NA,4.24,76.6,19.15,0,0,2,1,0,0,0.125,368.514,5.88,118.5,0.75,6.48,6,0,2,1,0,14,0,0,0,0,0
655,"0",NA,NA,6.72,74.62,18.66,0,0,2,1,0,0,0.125,368.514,5.88,118.5,0.75,6.48,6,0,2,1,0,14,0,0,0,0,0
656,"0",NA,NA,6.45,74.84,18.71,0,0,1,1,0,0,0,368.514,5.88,118.5,0.75,6.48,6,0,2,0,1,14,0,0,0,0,0
657,"0",NA,NA,8.99,72.8,18.2,0,0,2,1,0,0,0.125,368.514,5.88,118.5,0.75,6.48,6,0,2,0,1,14,0,0,0,0,0
658,"0",NA,NA,8.41,73.28,18.32,0,0,2,1,0,0,0.125,368.514,5.88,118.5,0.75,6.48,6,0,2,0,1,14,0,0,0,0,0
659,"0",154,0.35,0.067,44.97,44.97,9.99,0,1,1,1,0,0.125,924.079,-2.3,170,0.0819,319.61,3,12,17,0,1,15,76.1,-59,188.2,1,56
660,"0",70.8,0.22,0.071,44.86,44.86,9.97,0.25,1,1,1,1,0.25,924.079,-2.3,170,0.0819,319.61,3,12,17,0,1,15,76.1,-59,188.2,1,56
661,"1",64,0.47,0.071,44.74,44.74,9.94,0.5,1,1,1,1,0.25,924.079,-2.3,170,0.0819,319.61,3,12,17,0,1,15,76.1,-59,188.2,1,56
662,"1",149.36,0.43,0.5,47.25,52.25,0,0,1,2,0,0,0.125,924.079,-2.3,170,0.0819,319.61,3,12,17,1,0,13.9,0,0,0,0,0
663,"0",227.37,0.62,0.5,56.7,42.8,0,0,1,2,0,0,0.125,924.079,-2.3,170,0.0819,319.61,3,12,17,1,0,13.9,0,0,0,0,0
664,"0",166,0.33,0.116,31.46,31.46,6.99,29.97,1,1,1,1,0.25,924.079,-2.3,170,0.0819,319.61,3,12,17,0,1,15,76.1,-59,188.2,1,56
665,"0",118,0.36,0.104,31.47,31.47,6.99,29.97,1,1,1,1,0.25,924.079,-2.3,170,0.0819,319.61,3,12,17,0,1,15,76.1,-59,188.2,1,56
666,"1",150,0.27,0.169,31.45,31.45,6.99,29.95,1,1,1,1,0.25,924.079,-2.3,170,0.0819,319.61,3,12,17,0,1,15,76.1,-59,188.2,1,56
667,"0",400,NA,0.5,49.75,49.75,0,0,1,1,0,0,0,924.079,-2.3,170,0.0819,319.61,3,12,17,1,0,14,0,0,0,0,0
668,"0",400,NA,0.5,59.7,39.8,0,0,1,1,0,0,0,924.079,-2.3,170,0.0819,319.61,3,12,17,1,0,14,0,0,0,0,0
